-- phpMyAdmin SQL Dump
-- version 4.6.6deb5ubuntu0.5
-- https://www.phpmyadmin.net/
--
-- Servidor: localhost:3306
-- Tiempo de generación: 08-03-2021 a las 11:22:03
-- Versión del servidor: 5.7.33-0ubuntu0.18.04.1
-- Versión de PHP: 7.2.24-0ubuntu0.18.04.7

SET SQL_MODE = "NO_AUTO_VALUE_ON_ZERO";
SET time_zone = "+00:00";


/*!40101 SET @OLD_CHARACTER_SET_CLIENT=@@CHARACTER_SET_CLIENT */;
/*!40101 SET @OLD_CHARACTER_SET_RESULTS=@@CHARACTER_SET_RESULTS */;
/*!40101 SET @OLD_COLLATION_CONNECTION=@@COLLATION_CONNECTION */;
/*!40101 SET NAMES utf8mb4 */;

--
-- Base de datos: `calendariomaya`
--

DELIMITER $$
--
-- Procedimientos
--
CREATE DEFINER=`administrador`@`localhost` PROCEDURE `mostrarHechos` ()  BEGIN
SELECT * FROM (
 SELECT MAX(fecha) as fecha, idHechoHistorico as id 
 FROM LineaTiempo.Edicion 
 GROUP BY Edicion.idHechoHistorico
) a 
INNER JOIN LineaTiempo.HechoHistorico ON a.id = HechoHistorico.idHechoHistorico
GROUP BY a.id ORDER BY a.fecha ASC
;
END$$

DELIMITER ;

-- --------------------------------------------------------

--
-- Estructura de tabla para la tabla `calendariocholqij`
--

CREATE TABLE `calendariocholqij` (
  `id` int(11) NOT NULL,
  `nahual` int(11) NOT NULL,
  `energia` int(11) NOT NULL,
  `fecha` date NOT NULL,
  `descripcion` varchar(5000) DEFAULT NULL
) ENGINE=InnoDB DEFAULT CHARSET=utf8;

--
-- Volcado de datos para la tabla `calendariocholqij`
--

INSERT INTO `calendariocholqij` VALUES(1, 1, 1, '2020-01-01', 'SIN DESCRIPCION');
INSERT INTO `calendariocholqij` VALUES(2, 2, 1, '2020-01-02', 'SIN DESCRIPCION');
INSERT INTO `calendariocholqij` VALUES(3, 3, 1, '2020-01-03', 'SIN DESCRIPCION');
INSERT INTO `calendariocholqij` VALUES(4, 4, 1, '2020-01-04', 'SIN DESCRIPCION');
INSERT INTO `calendariocholqij` VALUES(5, 5, 1, '2020-01-05', 'SIN DESCRIPCION');
INSERT INTO `calendariocholqij` VALUES(6, 6, 1, '2020-01-06', 'SIN DESCRIPCION');
INSERT INTO `calendariocholqij` VALUES(7, 7, 1, '2020-01-07', 'SIN DESCRIPCION');
INSERT INTO `calendariocholqij` VALUES(8, 8, 1, '2020-01-08', 'SIN DESCRIPCION');
INSERT INTO `calendariocholqij` VALUES(9, 9, 1, '2020-01-09', 'SIN DESCRIPCION');
INSERT INTO `calendariocholqij` VALUES(10, 10, 1, '2020-01-10', 'SIN DESCRIPCION');
INSERT INTO `calendariocholqij` VALUES(11, 11, 1, '2020-01-11', 'SIN DESCRIPCION');
INSERT INTO `calendariocholqij` VALUES(12, 12, 1, '2020-01-12', 'SIN DESCRIPCION');
INSERT INTO `calendariocholqij` VALUES(13, 13, 1, '2020-01-13', 'SIN DESCRIPCION');
INSERT INTO `calendariocholqij` VALUES(14, 14, 1, '2020-01-14', 'SIN DESCRIPCION');
INSERT INTO `calendariocholqij` VALUES(15, 15, 1, '2020-01-15', 'SIN DESCRIPCION');
INSERT INTO `calendariocholqij` VALUES(16, 16, 1, '2020-01-16', 'SIN DESCRIPCION');
INSERT INTO `calendariocholqij` VALUES(17, 17, 1, '2020-01-17', 'SIN DESCRIPCION');
INSERT INTO `calendariocholqij` VALUES(18, 18, 1, '2020-01-18', 'SIN DESCRIPCION');
INSERT INTO `calendariocholqij` VALUES(19, 19, 1, '2020-01-19', 'SIN DESCRIPCION');
INSERT INTO `calendariocholqij` VALUES(20, 20, 1, '2020-01-20', 'SIN DESCRIPCION');
INSERT INTO `calendariocholqij` VALUES(21, 1, 2, '2020-01-21', 'SIN DESCRIPCION');
INSERT INTO `calendariocholqij` VALUES(22, 2, 2, '2020-01-22', 'SIN DESCRIPCION');
INSERT INTO `calendariocholqij` VALUES(23, 3, 2, '2020-01-23', 'SIN DESCRIPCION');
INSERT INTO `calendariocholqij` VALUES(24, 4, 2, '2020-01-24', 'SIN DESCRIPCION');
INSERT INTO `calendariocholqij` VALUES(25, 5, 2, '2020-01-25', 'SIN DESCRIPCION');
INSERT INTO `calendariocholqij` VALUES(26, 6, 2, '2020-01-26', 'SIN DESCRIPCION');
INSERT INTO `calendariocholqij` VALUES(27, 7, 2, '2020-01-27', 'SIN DESCRIPCION');
INSERT INTO `calendariocholqij` VALUES(28, 8, 2, '2020-01-28', 'SIN DESCRIPCION');
INSERT INTO `calendariocholqij` VALUES(29, 9, 2, '2020-01-29', 'SIN DESCRIPCION');
INSERT INTO `calendariocholqij` VALUES(30, 10, 2, '2020-01-30', 'SIN DESCRIPCION');
INSERT INTO `calendariocholqij` VALUES(31, 11, 2, '2020-01-31', 'SIN DESCRIPCION');
INSERT INTO `calendariocholqij` VALUES(32, 12, 2, '2020-02-01', 'SIN DESCRIPCION');
INSERT INTO `calendariocholqij` VALUES(33, 13, 2, '2020-02-02', 'SIN DESCRIPCION');
INSERT INTO `calendariocholqij` VALUES(34, 14, 2, '2020-02-03', 'SIN DESCRIPCION');
INSERT INTO `calendariocholqij` VALUES(35, 15, 2, '2020-02-04', 'SIN DESCRIPCION');
INSERT INTO `calendariocholqij` VALUES(36, 16, 2, '2020-02-05', 'SIN DESCRIPCION');
INSERT INTO `calendariocholqij` VALUES(37, 17, 2, '2020-02-06', 'SIN DESCRIPCION');
INSERT INTO `calendariocholqij` VALUES(38, 18, 2, '2020-02-07', 'SIN DESCRIPCION');
INSERT INTO `calendariocholqij` VALUES(39, 19, 2, '2020-02-08', 'SIN DESCRIPCION');
INSERT INTO `calendariocholqij` VALUES(40, 20, 2, '2020-02-09', 'SIN DESCRIPCION');
INSERT INTO `calendariocholqij` VALUES(41, 1, 3, '2020-02-10', 'SIN DESCRIPCION');
INSERT INTO `calendariocholqij` VALUES(42, 2, 3, '2020-02-11', 'SIN DESCRIPCION');
INSERT INTO `calendariocholqij` VALUES(43, 3, 3, '2020-02-12', 'SIN DESCRIPCION');
INSERT INTO `calendariocholqij` VALUES(44, 4, 3, '2020-02-13', 'SIN DESCRIPCION');
INSERT INTO `calendariocholqij` VALUES(45, 5, 3, '2020-02-14', 'SIN DESCRIPCION');
INSERT INTO `calendariocholqij` VALUES(46, 6, 3, '2020-02-15', 'SIN DESCRIPCION');
INSERT INTO `calendariocholqij` VALUES(47, 7, 3, '2020-02-16', 'SIN DESCRIPCION');
INSERT INTO `calendariocholqij` VALUES(48, 8, 3, '2020-02-17', 'SIN DESCRIPCION');
INSERT INTO `calendariocholqij` VALUES(49, 9, 3, '2020-02-18', 'SIN DESCRIPCION');
INSERT INTO `calendariocholqij` VALUES(50, 10, 3, '2020-02-19', 'SIN DESCRIPCION');
INSERT INTO `calendariocholqij` VALUES(51, 11, 3, '2020-02-20', 'SIN DESCRIPCION');
INSERT INTO `calendariocholqij` VALUES(52, 12, 3, '2020-02-21', 'SIN DESCRIPCION');
INSERT INTO `calendariocholqij` VALUES(53, 13, 3, '2020-02-22', 'SIN DESCRIPCION');
INSERT INTO `calendariocholqij` VALUES(54, 14, 3, '2020-02-23', 'SIN DESCRIPCION');
INSERT INTO `calendariocholqij` VALUES(55, 15, 3, '2020-02-24', 'SIN DESCRIPCION');
INSERT INTO `calendariocholqij` VALUES(56, 16, 3, '2020-02-25', 'SIN DESCRIPCION');
INSERT INTO `calendariocholqij` VALUES(57, 17, 3, '2020-02-26', 'SIN DESCRIPCION');
INSERT INTO `calendariocholqij` VALUES(58, 18, 3, '2020-02-27', 'SIN DESCRIPCION');
INSERT INTO `calendariocholqij` VALUES(59, 19, 3, '2020-02-28', 'SIN DESCRIPCION');
INSERT INTO `calendariocholqij` VALUES(60, 20, 3, '2020-03-01', 'SIN DESCRIPCION');
INSERT INTO `calendariocholqij` VALUES(61, 1, 4, '2020-03-02', 'SIN DESCRIPCION');
INSERT INTO `calendariocholqij` VALUES(62, 2, 4, '2020-03-03', 'SIN DESCRIPCION');
INSERT INTO `calendariocholqij` VALUES(63, 3, 4, '2020-03-04', 'SIN DESCRIPCION');
INSERT INTO `calendariocholqij` VALUES(64, 4, 4, '2020-03-05', 'SIN DESCRIPCION');
INSERT INTO `calendariocholqij` VALUES(65, 5, 4, '2020-03-06', 'SIN DESCRIPCION');
INSERT INTO `calendariocholqij` VALUES(66, 6, 4, '2020-03-07', 'SIN DESCRIPCION');
INSERT INTO `calendariocholqij` VALUES(67, 7, 4, '2020-03-08', 'SIN DESCRIPCION');
INSERT INTO `calendariocholqij` VALUES(68, 8, 4, '2020-03-09', 'SIN DESCRIPCION');
INSERT INTO `calendariocholqij` VALUES(69, 9, 4, '2020-03-10', 'SIN DESCRIPCION');
INSERT INTO `calendariocholqij` VALUES(70, 10, 4, '2020-03-11', 'SIN DESCRIPCION');
INSERT INTO `calendariocholqij` VALUES(71, 11, 4, '2020-03-12', 'SIN DESCRIPCION');
INSERT INTO `calendariocholqij` VALUES(72, 12, 4, '2020-03-13', 'SIN DESCRIPCION');
INSERT INTO `calendariocholqij` VALUES(73, 13, 4, '2020-03-14', 'SIN DESCRIPCION');
INSERT INTO `calendariocholqij` VALUES(74, 14, 4, '2020-03-15', 'SIN DESCRIPCION');
INSERT INTO `calendariocholqij` VALUES(75, 15, 4, '2020-03-16', 'SIN DESCRIPCION');
INSERT INTO `calendariocholqij` VALUES(76, 16, 4, '2020-03-17', 'SIN DESCRIPCION');
INSERT INTO `calendariocholqij` VALUES(77, 17, 4, '2020-03-18', 'SIN DESCRIPCION');
INSERT INTO `calendariocholqij` VALUES(78, 18, 4, '2020-03-19', 'SIN DESCRIPCION');
INSERT INTO `calendariocholqij` VALUES(79, 19, 4, '2020-03-20', 'SIN DESCRIPCION');
INSERT INTO `calendariocholqij` VALUES(80, 20, 4, '2020-03-21', 'SIN DESCRIPCION');
INSERT INTO `calendariocholqij` VALUES(81, 1, 5, '2020-03-22', 'SIN DESCRIPCION');
INSERT INTO `calendariocholqij` VALUES(82, 2, 5, '2020-03-23', 'SIN DESCRIPCION');
INSERT INTO `calendariocholqij` VALUES(83, 3, 5, '2020-03-24', 'SIN DESCRIPCION');
INSERT INTO `calendariocholqij` VALUES(84, 4, 5, '2020-03-25', 'SIN DESCRIPCION');
INSERT INTO `calendariocholqij` VALUES(85, 5, 5, '2020-03-26', 'SIN DESCRIPCION');
INSERT INTO `calendariocholqij` VALUES(86, 6, 5, '2020-03-27', 'SIN DESCRIPCION');
INSERT INTO `calendariocholqij` VALUES(87, 7, 5, '2020-03-28', 'SIN DESCRIPCION');
INSERT INTO `calendariocholqij` VALUES(88, 8, 5, '2020-03-29', 'SIN DESCRIPCION');
INSERT INTO `calendariocholqij` VALUES(89, 9, 5, '2020-03-30', 'SIN DESCRIPCION');
INSERT INTO `calendariocholqij` VALUES(90, 10, 5, '2020-03-31', 'SIN DESCRIPCION');
INSERT INTO `calendariocholqij` VALUES(91, 11, 5, '2020-04-01', 'SIN DESCRIPCION');
INSERT INTO `calendariocholqij` VALUES(92, 12, 5, '2020-04-02', 'SIN DESCRIPCION');
INSERT INTO `calendariocholqij` VALUES(93, 13, 5, '2020-04-03', 'SIN DESCRIPCION');
INSERT INTO `calendariocholqij` VALUES(94, 14, 5, '2020-04-04', 'SIN DESCRIPCION');
INSERT INTO `calendariocholqij` VALUES(95, 15, 5, '2020-04-05', 'SIN DESCRIPCION');
INSERT INTO `calendariocholqij` VALUES(96, 16, 5, '2020-04-06', 'SIN DESCRIPCION');
INSERT INTO `calendariocholqij` VALUES(97, 17, 5, '2020-04-07', 'SIN DESCRIPCION');
INSERT INTO `calendariocholqij` VALUES(98, 18, 5, '2020-04-08', 'SIN DESCRIPCION');
INSERT INTO `calendariocholqij` VALUES(99, 19, 5, '2020-04-09', 'SIN DESCRIPCION');
INSERT INTO `calendariocholqij` VALUES(100, 20, 5, '2020-04-10', 'SIN DESCRIPCION');
INSERT INTO `calendariocholqij` VALUES(101, 1, 6, '2020-04-11', 'SIN DESCRIPCION');
INSERT INTO `calendariocholqij` VALUES(102, 2, 6, '2020-04-12', 'SIN DESCRIPCION');
INSERT INTO `calendariocholqij` VALUES(103, 3, 6, '2020-04-13', 'SIN DESCRIPCION');
INSERT INTO `calendariocholqij` VALUES(104, 4, 6, '2020-04-14', 'SIN DESCRIPCION');
INSERT INTO `calendariocholqij` VALUES(105, 5, 6, '2020-04-15', 'SIN DESCRIPCION');
INSERT INTO `calendariocholqij` VALUES(106, 6, 6, '2020-04-16', 'SIN DESCRIPCION');
INSERT INTO `calendariocholqij` VALUES(107, 7, 6, '2020-04-17', 'SIN DESCRIPCION');
INSERT INTO `calendariocholqij` VALUES(108, 8, 6, '2020-04-18', 'SIN DESCRIPCION');
INSERT INTO `calendariocholqij` VALUES(109, 9, 6, '2020-04-19', 'SIN DESCRIPCION');
INSERT INTO `calendariocholqij` VALUES(110, 10, 6, '2020-04-20', 'SIN DESCRIPCION');
INSERT INTO `calendariocholqij` VALUES(111, 11, 6, '2020-04-21', 'SIN DESCRIPCION');
INSERT INTO `calendariocholqij` VALUES(112, 12, 6, '2020-04-22', 'SIN DESCRIPCION');
INSERT INTO `calendariocholqij` VALUES(113, 13, 6, '2020-04-23', 'SIN DESCRIPCION');
INSERT INTO `calendariocholqij` VALUES(114, 14, 6, '2020-04-24', 'SIN DESCRIPCION');
INSERT INTO `calendariocholqij` VALUES(115, 15, 6, '2020-04-25', 'SIN DESCRIPCION');
INSERT INTO `calendariocholqij` VALUES(116, 16, 6, '2020-04-26', 'SIN DESCRIPCION');
INSERT INTO `calendariocholqij` VALUES(117, 17, 6, '2020-04-27', 'SIN DESCRIPCION');
INSERT INTO `calendariocholqij` VALUES(118, 18, 6, '2020-04-28', 'SIN DESCRIPCION');
INSERT INTO `calendariocholqij` VALUES(119, 19, 6, '2020-04-29', 'SIN DESCRIPCION');
INSERT INTO `calendariocholqij` VALUES(120, 20, 6, '2020-04-30', 'SIN DESCRIPCION');
INSERT INTO `calendariocholqij` VALUES(121, 1, 7, '2020-05-01', 'SIN DESCRIPCION');
INSERT INTO `calendariocholqij` VALUES(122, 2, 7, '2020-05-02', 'SIN DESCRIPCION');
INSERT INTO `calendariocholqij` VALUES(123, 3, 7, '2020-05-03', 'SIN DESCRIPCION');
INSERT INTO `calendariocholqij` VALUES(124, 4, 7, '2020-05-04', 'SIN DESCRIPCION');
INSERT INTO `calendariocholqij` VALUES(125, 5, 7, '2020-05-05', 'SIN DESCRIPCION');
INSERT INTO `calendariocholqij` VALUES(126, 6, 7, '2020-05-06', 'SIN DESCRIPCION');
INSERT INTO `calendariocholqij` VALUES(127, 7, 7, '2020-05-07', 'SIN DESCRIPCION');
INSERT INTO `calendariocholqij` VALUES(128, 8, 7, '2020-05-08', 'SIN DESCRIPCION');
INSERT INTO `calendariocholqij` VALUES(129, 9, 7, '2020-05-09', 'SIN DESCRIPCION');
INSERT INTO `calendariocholqij` VALUES(130, 10, 7, '2020-05-10', 'SIN DESCRIPCION');
INSERT INTO `calendariocholqij` VALUES(131, 11, 7, '2020-05-11', 'SIN DESCRIPCION');
INSERT INTO `calendariocholqij` VALUES(132, 12, 7, '2020-05-12', 'SIN DESCRIPCION');
INSERT INTO `calendariocholqij` VALUES(133, 13, 7, '2020-05-13', 'SIN DESCRIPCION');
INSERT INTO `calendariocholqij` VALUES(134, 14, 7, '2020-05-14', 'SIN DESCRIPCION');
INSERT INTO `calendariocholqij` VALUES(135, 15, 7, '2020-05-15', 'SIN DESCRIPCION');
INSERT INTO `calendariocholqij` VALUES(136, 16, 7, '2020-05-16', 'SIN DESCRIPCION');
INSERT INTO `calendariocholqij` VALUES(137, 17, 7, '2020-05-17', 'SIN DESCRIPCION');
INSERT INTO `calendariocholqij` VALUES(138, 18, 7, '2020-05-18', 'SIN DESCRIPCION');
INSERT INTO `calendariocholqij` VALUES(139, 19, 7, '2020-05-19', 'SIN DESCRIPCION');
INSERT INTO `calendariocholqij` VALUES(140, 20, 7, '2020-05-20', 'SIN DESCRIPCION');
INSERT INTO `calendariocholqij` VALUES(141, 1, 8, '2020-05-21', 'SIN DESCRIPCION');
INSERT INTO `calendariocholqij` VALUES(142, 2, 8, '2020-05-22', 'SIN DESCRIPCION');
INSERT INTO `calendariocholqij` VALUES(143, 3, 8, '2020-05-23', 'SIN DESCRIPCION');
INSERT INTO `calendariocholqij` VALUES(144, 4, 8, '2020-05-24', 'SIN DESCRIPCION');
INSERT INTO `calendariocholqij` VALUES(145, 5, 8, '2020-05-25', 'SIN DESCRIPCION');
INSERT INTO `calendariocholqij` VALUES(146, 6, 8, '2020-05-26', 'SIN DESCRIPCION');
INSERT INTO `calendariocholqij` VALUES(147, 7, 8, '2020-05-27', 'SIN DESCRIPCION');
INSERT INTO `calendariocholqij` VALUES(148, 8, 8, '2020-05-28', 'SIN DESCRIPCION');
INSERT INTO `calendariocholqij` VALUES(149, 9, 8, '2020-05-29', 'SIN DESCRIPCION');
INSERT INTO `calendariocholqij` VALUES(150, 10, 8, '2020-05-30', 'SIN DESCRIPCION');
INSERT INTO `calendariocholqij` VALUES(151, 11, 8, '2020-05-31', 'SIN DESCRIPCION');
INSERT INTO `calendariocholqij` VALUES(152, 12, 8, '2020-06-01', 'SIN DESCRIPCION');
INSERT INTO `calendariocholqij` VALUES(153, 13, 8, '2020-06-02', 'SIN DESCRIPCION');
INSERT INTO `calendariocholqij` VALUES(154, 14, 8, '2020-06-03', 'SIN DESCRIPCION');
INSERT INTO `calendariocholqij` VALUES(155, 15, 8, '2020-06-04', 'SIN DESCRIPCION');
INSERT INTO `calendariocholqij` VALUES(156, 16, 8, '2020-06-05', 'SIN DESCRIPCION');
INSERT INTO `calendariocholqij` VALUES(157, 17, 8, '2020-06-06', 'SIN DESCRIPCION');
INSERT INTO `calendariocholqij` VALUES(158, 18, 8, '2020-06-07', 'SIN DESCRIPCION');
INSERT INTO `calendariocholqij` VALUES(159, 19, 8, '2020-06-08', 'SIN DESCRIPCION');
INSERT INTO `calendariocholqij` VALUES(160, 20, 8, '2020-06-09', 'SIN DESCRIPCION');
INSERT INTO `calendariocholqij` VALUES(161, 1, 9, '2020-06-10', 'SIN DESCRIPCION');
INSERT INTO `calendariocholqij` VALUES(162, 2, 9, '2020-06-11', 'SIN DESCRIPCION');
INSERT INTO `calendariocholqij` VALUES(163, 3, 9, '2020-06-12', 'SIN DESCRIPCION');
INSERT INTO `calendariocholqij` VALUES(164, 4, 9, '2020-06-13', 'SIN DESCRIPCION');
INSERT INTO `calendariocholqij` VALUES(165, 5, 9, '2020-06-14', 'SIN DESCRIPCION');
INSERT INTO `calendariocholqij` VALUES(166, 6, 9, '2020-06-15', 'SIN DESCRIPCION');
INSERT INTO `calendariocholqij` VALUES(167, 7, 9, '2020-06-16', 'SIN DESCRIPCION');
INSERT INTO `calendariocholqij` VALUES(168, 8, 9, '2020-06-17', 'SIN DESCRIPCION');
INSERT INTO `calendariocholqij` VALUES(169, 9, 9, '2020-06-18', 'SIN DESCRIPCION');
INSERT INTO `calendariocholqij` VALUES(170, 10, 9, '2020-06-19', 'SIN DESCRIPCION');
INSERT INTO `calendariocholqij` VALUES(171, 11, 9, '2020-06-20', 'SIN DESCRIPCION');
INSERT INTO `calendariocholqij` VALUES(172, 12, 9, '2020-06-21', 'SIN DESCRIPCION');
INSERT INTO `calendariocholqij` VALUES(173, 13, 9, '2020-06-22', 'SIN DESCRIPCION');
INSERT INTO `calendariocholqij` VALUES(174, 14, 9, '2020-06-23', 'SIN DESCRIPCION');
INSERT INTO `calendariocholqij` VALUES(175, 15, 9, '2020-06-24', 'SIN DESCRIPCION');
INSERT INTO `calendariocholqij` VALUES(176, 16, 9, '2020-06-25', 'SIN DESCRIPCION');
INSERT INTO `calendariocholqij` VALUES(177, 17, 9, '2020-06-26', 'SIN DESCRIPCION');
INSERT INTO `calendariocholqij` VALUES(178, 18, 9, '2020-06-27', 'SIN DESCRIPCION');
INSERT INTO `calendariocholqij` VALUES(179, 19, 9, '2020-06-28', 'SIN DESCRIPCION');
INSERT INTO `calendariocholqij` VALUES(180, 20, 9, '2020-06-29', 'SIN DESCRIPCION');
INSERT INTO `calendariocholqij` VALUES(181, 1, 10, '2020-06-30', 'SIN DESCRIPCION');
INSERT INTO `calendariocholqij` VALUES(182, 2, 10, '2020-07-01', 'SIN DESCRIPCION');
INSERT INTO `calendariocholqij` VALUES(183, 3, 10, '2020-07-02', 'SIN DESCRIPCION');
INSERT INTO `calendariocholqij` VALUES(184, 4, 10, '2020-07-03', 'SIN DESCRIPCION');
INSERT INTO `calendariocholqij` VALUES(185, 5, 10, '2020-07-04', 'SIN DESCRIPCION');
INSERT INTO `calendariocholqij` VALUES(186, 6, 10, '2020-07-05', 'SIN DESCRIPCION');
INSERT INTO `calendariocholqij` VALUES(187, 7, 10, '2020-07-06', 'SIN DESCRIPCION');
INSERT INTO `calendariocholqij` VALUES(188, 8, 10, '2020-07-07', 'SIN DESCRIPCION');
INSERT INTO `calendariocholqij` VALUES(189, 9, 10, '2020-07-08', 'SIN DESCRIPCION');
INSERT INTO `calendariocholqij` VALUES(190, 10, 10, '2020-07-09', 'SIN DESCRIPCION');
INSERT INTO `calendariocholqij` VALUES(191, 11, 10, '2020-07-10', 'SIN DESCRIPCION');
INSERT INTO `calendariocholqij` VALUES(192, 12, 10, '2020-07-11', 'SIN DESCRIPCION');
INSERT INTO `calendariocholqij` VALUES(193, 13, 10, '2020-07-12', 'SIN DESCRIPCION');
INSERT INTO `calendariocholqij` VALUES(194, 14, 10, '2020-07-13', 'SIN DESCRIPCION');
INSERT INTO `calendariocholqij` VALUES(195, 15, 10, '2020-07-14', 'SIN DESCRIPCION');
INSERT INTO `calendariocholqij` VALUES(196, 16, 10, '2020-07-15', 'SIN DESCRIPCION');
INSERT INTO `calendariocholqij` VALUES(197, 17, 10, '2020-07-16', 'SIN DESCRIPCION');
INSERT INTO `calendariocholqij` VALUES(198, 18, 10, '2020-07-17', 'SIN DESCRIPCION');
INSERT INTO `calendariocholqij` VALUES(199, 19, 10, '2020-07-18', 'SIN DESCRIPCION');
INSERT INTO `calendariocholqij` VALUES(200, 20, 10, '2020-07-19', 'SIN DESCRIPCION');
INSERT INTO `calendariocholqij` VALUES(201, 1, 11, '2020-07-20', 'SIN DESCRIPCION');
INSERT INTO `calendariocholqij` VALUES(202, 2, 11, '2020-07-21', 'SIN DESCRIPCION');
INSERT INTO `calendariocholqij` VALUES(203, 3, 11, '2020-07-22', 'SIN DESCRIPCION');
INSERT INTO `calendariocholqij` VALUES(204, 4, 11, '2020-07-23', 'SIN DESCRIPCION');
INSERT INTO `calendariocholqij` VALUES(205, 5, 11, '2020-07-24', 'SIN DESCRIPCION');
INSERT INTO `calendariocholqij` VALUES(206, 6, 11, '2020-07-25', 'SIN DESCRIPCION');
INSERT INTO `calendariocholqij` VALUES(207, 7, 11, '2020-07-26', 'SIN DESCRIPCION');
INSERT INTO `calendariocholqij` VALUES(208, 8, 11, '2020-07-27', 'SIN DESCRIPCION');
INSERT INTO `calendariocholqij` VALUES(209, 9, 11, '2020-07-28', 'SIN DESCRIPCION');
INSERT INTO `calendariocholqij` VALUES(210, 10, 11, '2020-07-29', 'SIN DESCRIPCION');
INSERT INTO `calendariocholqij` VALUES(211, 11, 11, '2020-07-30', 'SIN DESCRIPCION');
INSERT INTO `calendariocholqij` VALUES(212, 12, 11, '2020-07-31', 'SIN DESCRIPCION');
INSERT INTO `calendariocholqij` VALUES(213, 13, 11, '2020-08-01', 'SIN DESCRIPCION');
INSERT INTO `calendariocholqij` VALUES(214, 14, 11, '2020-08-02', 'SIN DESCRIPCION');
INSERT INTO `calendariocholqij` VALUES(215, 15, 11, '2020-08-03', 'SIN DESCRIPCION');
INSERT INTO `calendariocholqij` VALUES(216, 16, 11, '2020-08-04', 'SIN DESCRIPCION');
INSERT INTO `calendariocholqij` VALUES(217, 17, 11, '2020-08-05', 'SIN DESCRIPCION');
INSERT INTO `calendariocholqij` VALUES(218, 18, 11, '2020-08-06', 'SIN DESCRIPCION');
INSERT INTO `calendariocholqij` VALUES(219, 19, 11, '2020-08-07', 'SIN DESCRIPCION');
INSERT INTO `calendariocholqij` VALUES(220, 20, 11, '2020-08-08', 'SIN DESCRIPCION');
INSERT INTO `calendariocholqij` VALUES(221, 1, 12, '2020-08-09', 'SIN DESCRIPCION');
INSERT INTO `calendariocholqij` VALUES(222, 2, 12, '2020-08-10', 'SIN DESCRIPCION');
INSERT INTO `calendariocholqij` VALUES(223, 3, 12, '2020-08-11', 'SIN DESCRIPCION');
INSERT INTO `calendariocholqij` VALUES(224, 4, 12, '2020-08-12', 'SIN DESCRIPCION');
INSERT INTO `calendariocholqij` VALUES(225, 5, 12, '2020-08-13', 'SIN DESCRIPCION');
INSERT INTO `calendariocholqij` VALUES(226, 6, 12, '2020-08-14', 'SIN DESCRIPCION');
INSERT INTO `calendariocholqij` VALUES(227, 7, 12, '2020-08-15', 'SIN DESCRIPCION');
INSERT INTO `calendariocholqij` VALUES(228, 8, 12, '2020-08-16', 'SIN DESCRIPCION');
INSERT INTO `calendariocholqij` VALUES(229, 9, 12, '2020-08-17', 'SIN DESCRIPCION');
INSERT INTO `calendariocholqij` VALUES(230, 10, 12, '2020-08-18', 'SIN DESCRIPCION');
INSERT INTO `calendariocholqij` VALUES(231, 11, 12, '2020-08-19', 'SIN DESCRIPCION');
INSERT INTO `calendariocholqij` VALUES(232, 12, 12, '2020-08-20', 'SIN DESCRIPCION');
INSERT INTO `calendariocholqij` VALUES(233, 13, 12, '2020-08-21', 'SIN DESCRIPCION');
INSERT INTO `calendariocholqij` VALUES(234, 14, 12, '2020-08-22', 'SIN DESCRIPCION');
INSERT INTO `calendariocholqij` VALUES(235, 15, 12, '2020-08-23', 'SIN DESCRIPCION');
INSERT INTO `calendariocholqij` VALUES(236, 16, 12, '2020-08-24', 'SIN DESCRIPCION');
INSERT INTO `calendariocholqij` VALUES(237, 17, 12, '2020-08-25', 'SIN DESCRIPCION');
INSERT INTO `calendariocholqij` VALUES(238, 18, 12, '2020-08-26', 'SIN DESCRIPCION');
INSERT INTO `calendariocholqij` VALUES(239, 19, 12, '2020-08-27', 'SIN DESCRIPCION');
INSERT INTO `calendariocholqij` VALUES(240, 20, 12, '2020-08-28', 'SIN DESCRIPCION');
INSERT INTO `calendariocholqij` VALUES(241, 1, 13, '2020-08-29', 'SIN DESCRIPCION');
INSERT INTO `calendariocholqij` VALUES(242, 2, 13, '2020-08-30', 'SIN DESCRIPCION');
INSERT INTO `calendariocholqij` VALUES(243, 3, 13, '2020-08-31', 'SIN DESCRIPCION');
INSERT INTO `calendariocholqij` VALUES(244, 4, 13, '2020-09-01', 'SIN DESCRIPCION');
INSERT INTO `calendariocholqij` VALUES(245, 5, 13, '2020-09-02', 'SIN DESCRIPCION');
INSERT INTO `calendariocholqij` VALUES(246, 6, 13, '2020-09-03', 'SIN DESCRIPCION');
INSERT INTO `calendariocholqij` VALUES(247, 7, 13, '2020-09-04', 'SIN DESCRIPCION');
INSERT INTO `calendariocholqij` VALUES(248, 8, 13, '2020-09-05', 'SIN DESCRIPCION');
INSERT INTO `calendariocholqij` VALUES(249, 9, 13, '2020-09-06', 'SIN DESCRIPCION');
INSERT INTO `calendariocholqij` VALUES(250, 10, 13, '2020-09-07', 'SIN DESCRIPCION');
INSERT INTO `calendariocholqij` VALUES(251, 11, 13, '2020-09-08', 'SIN DESCRIPCION');
INSERT INTO `calendariocholqij` VALUES(252, 12, 13, '2020-09-09', 'SIN DESCRIPCION');
INSERT INTO `calendariocholqij` VALUES(253, 13, 13, '2020-09-10', 'SIN DESCRIPCION');
INSERT INTO `calendariocholqij` VALUES(254, 14, 13, '2020-09-11', 'SIN DESCRIPCION');
INSERT INTO `calendariocholqij` VALUES(255, 15, 13, '2020-09-12', 'SIN DESCRIPCION');
INSERT INTO `calendariocholqij` VALUES(256, 16, 13, '2020-09-13', 'SIN DESCRIPCION');
INSERT INTO `calendariocholqij` VALUES(257, 17, 13, '2020-09-14', 'SIN DESCRIPCION');
INSERT INTO `calendariocholqij` VALUES(258, 18, 13, '2020-09-15', 'SIN DESCRIPCION');
INSERT INTO `calendariocholqij` VALUES(259, 19, 13, '2020-09-16', 'SIN DESCRIPCION');
INSERT INTO `calendariocholqij` VALUES(260, 20, 13, '2020-09-17', 'SIN DESCRIPCION');

-- --------------------------------------------------------

--
-- Estructura de tabla para la tabla `calendariohaab`
--

CREATE TABLE `calendariohaab` (
  `id` int(11) NOT NULL,
  `nahual` int(11) NOT NULL,
  `winal` int(11) NOT NULL,
  `nombre` varchar(35) NOT NULL,
  `fecha` date NOT NULL,
  `descripcion` varchar(5000) DEFAULT NULL
) ENGINE=InnoDB DEFAULT CHARSET=utf8;

--
-- Volcado de datos para la tabla `calendariohaab`
--

INSERT INTO `calendariohaab` VALUES(1, 1, 1, 'SIN NOMBRE', '2020-01-01', 'SIN DESCRIPCION');
INSERT INTO `calendariohaab` VALUES(2, 2, 1, 'SIN NOMBRE', '2020-01-02', 'SIN DESCRIPCION');
INSERT INTO `calendariohaab` VALUES(3, 3, 1, 'SIN NOMBRE', '2020-01-03', 'SIN DESCRIPCION');
INSERT INTO `calendariohaab` VALUES(4, 4, 1, 'SIN NOMBRE', '2020-01-04', 'SIN DESCRIPCION');
INSERT INTO `calendariohaab` VALUES(5, 5, 1, 'SIN NOMBRE', '2020-01-05', 'SIN DESCRIPCION');
INSERT INTO `calendariohaab` VALUES(6, 6, 1, 'SIN NOMBRE', '2020-01-06', 'SIN DESCRIPCION');
INSERT INTO `calendariohaab` VALUES(7, 7, 1, 'SIN NOMBRE', '2020-01-07', 'SIN DESCRIPCION');
INSERT INTO `calendariohaab` VALUES(8, 8, 1, 'SIN NOMBRE', '2020-01-08', 'SIN DESCRIPCION');
INSERT INTO `calendariohaab` VALUES(9, 9, 1, 'SIN NOMBRE', '2020-01-09', 'SIN DESCRIPCION');
INSERT INTO `calendariohaab` VALUES(10, 10, 1, 'SIN NOMBRE', '2020-01-10', 'SIN DESCRIPCION');
INSERT INTO `calendariohaab` VALUES(11, 11, 1, 'SIN NOMBRE', '2020-01-11', 'SIN DESCRIPCION');
INSERT INTO `calendariohaab` VALUES(12, 12, 1, 'SIN NOMBRE', '2020-01-12', 'SIN DESCRIPCION');
INSERT INTO `calendariohaab` VALUES(13, 13, 1, 'SIN NOMBRE', '2020-01-13', 'SIN DESCRIPCION');
INSERT INTO `calendariohaab` VALUES(14, 14, 1, 'SIN NOMBRE', '2020-01-14', 'SIN DESCRIPCION');
INSERT INTO `calendariohaab` VALUES(15, 15, 1, 'SIN NOMBRE', '2020-01-15', 'SIN DESCRIPCION');
INSERT INTO `calendariohaab` VALUES(16, 16, 1, 'SIN NOMBRE', '2020-01-16', 'SIN DESCRIPCION');
INSERT INTO `calendariohaab` VALUES(17, 17, 1, 'SIN NOMBRE', '2020-01-17', 'SIN DESCRIPCION');
INSERT INTO `calendariohaab` VALUES(18, 18, 1, 'SIN NOMBRE', '2020-01-18', 'SIN DESCRIPCION');
INSERT INTO `calendariohaab` VALUES(19, 19, 1, 'SIN NOMBRE', '2020-01-19', 'SIN DESCRIPCION');
INSERT INTO `calendariohaab` VALUES(20, 20, 1, 'SIN NOMBRE', '2020-01-20', 'SIN DESCRIPCION');
INSERT INTO `calendariohaab` VALUES(21, 1, 2, 'SIN NOMBRE', '2020-01-21', 'SIN DESCRIPCION');
INSERT INTO `calendariohaab` VALUES(22, 2, 2, 'SIN NOMBRE', '2020-01-22', 'SIN DESCRIPCION');
INSERT INTO `calendariohaab` VALUES(23, 3, 2, 'SIN NOMBRE', '2020-01-23', 'SIN DESCRIPCION');
INSERT INTO `calendariohaab` VALUES(24, 4, 2, 'SIN NOMBRE', '2020-01-24', 'SIN DESCRIPCION');
INSERT INTO `calendariohaab` VALUES(25, 5, 2, 'SIN NOMBRE', '2020-01-25', 'SIN DESCRIPCION');
INSERT INTO `calendariohaab` VALUES(26, 6, 2, 'SIN NOMBRE', '2020-01-26', 'SIN DESCRIPCION');
INSERT INTO `calendariohaab` VALUES(27, 7, 2, 'SIN NOMBRE', '2020-01-27', 'SIN DESCRIPCION');
INSERT INTO `calendariohaab` VALUES(28, 8, 2, 'SIN NOMBRE', '2020-01-28', 'SIN DESCRIPCION');
INSERT INTO `calendariohaab` VALUES(29, 9, 2, 'SIN NOMBRE', '2020-01-29', 'SIN DESCRIPCION');
INSERT INTO `calendariohaab` VALUES(30, 10, 2, 'SIN NOMBRE', '2020-01-30', 'SIN DESCRIPCION');
INSERT INTO `calendariohaab` VALUES(31, 11, 2, 'SIN NOMBRE', '2020-01-31', 'SIN DESCRIPCION');
INSERT INTO `calendariohaab` VALUES(32, 12, 2, 'SIN NOMBRE', '2020-02-01', 'SIN DESCRIPCION');
INSERT INTO `calendariohaab` VALUES(33, 13, 2, 'SIN NOMBRE', '2020-02-02', 'SIN DESCRIPCION');
INSERT INTO `calendariohaab` VALUES(34, 14, 2, 'SIN NOMBRE', '2020-02-03', 'SIN DESCRIPCION');
INSERT INTO `calendariohaab` VALUES(35, 15, 2, 'SIN NOMBRE', '2020-02-04', 'SIN DESCRIPCION');
INSERT INTO `calendariohaab` VALUES(36, 16, 2, 'SIN NOMBRE', '2020-02-05', 'SIN DESCRIPCION');
INSERT INTO `calendariohaab` VALUES(37, 17, 2, 'SIN NOMBRE', '2020-02-06', 'SIN DESCRIPCION');
INSERT INTO `calendariohaab` VALUES(38, 18, 2, 'SIN NOMBRE', '2020-02-07', 'SIN DESCRIPCION');
INSERT INTO `calendariohaab` VALUES(39, 19, 2, 'SIN NOMBRE', '2020-02-08', 'SIN DESCRIPCION');
INSERT INTO `calendariohaab` VALUES(40, 20, 2, 'SIN NOMBRE', '2020-02-09', 'SIN DESCRIPCION');
INSERT INTO `calendariohaab` VALUES(41, 1, 3, 'SIN NOMBRE', '2020-02-10', 'SIN DESCRIPCION');
INSERT INTO `calendariohaab` VALUES(42, 2, 3, 'SIN NOMBRE', '2020-02-11', 'SIN DESCRIPCION');
INSERT INTO `calendariohaab` VALUES(43, 3, 3, 'SIN NOMBRE', '2020-02-12', 'SIN DESCRIPCION');
INSERT INTO `calendariohaab` VALUES(44, 4, 3, 'SIN NOMBRE', '2020-02-13', 'SIN DESCRIPCION');
INSERT INTO `calendariohaab` VALUES(45, 5, 3, 'SIN NOMBRE', '2020-02-14', 'SIN DESCRIPCION');
INSERT INTO `calendariohaab` VALUES(46, 6, 3, 'SIN NOMBRE', '2020-02-15', 'SIN DESCRIPCION');
INSERT INTO `calendariohaab` VALUES(47, 7, 3, 'SIN NOMBRE', '2020-02-16', 'SIN DESCRIPCION');
INSERT INTO `calendariohaab` VALUES(48, 8, 3, 'SIN NOMBRE', '2020-02-17', 'SIN DESCRIPCION');
INSERT INTO `calendariohaab` VALUES(49, 9, 3, 'SIN NOMBRE', '2020-02-18', 'SIN DESCRIPCION');
INSERT INTO `calendariohaab` VALUES(50, 10, 3, 'SIN NOMBRE', '2020-02-19', 'SIN DESCRIPCION');
INSERT INTO `calendariohaab` VALUES(51, 11, 3, 'SIN NOMBRE', '2020-02-20', 'SIN DESCRIPCION');
INSERT INTO `calendariohaab` VALUES(52, 12, 3, 'SIN NOMBRE', '2020-02-21', 'SIN DESCRIPCION');
INSERT INTO `calendariohaab` VALUES(53, 13, 3, 'SIN NOMBRE', '2020-02-22', 'SIN DESCRIPCION');
INSERT INTO `calendariohaab` VALUES(54, 14, 3, 'SIN NOMBRE', '2020-02-23', 'SIN DESCRIPCION');
INSERT INTO `calendariohaab` VALUES(55, 15, 3, 'SIN NOMBRE', '2020-02-24', 'SIN DESCRIPCION');
INSERT INTO `calendariohaab` VALUES(56, 16, 3, 'SIN NOMBRE', '2020-02-25', 'SIN DESCRIPCION');
INSERT INTO `calendariohaab` VALUES(57, 17, 3, 'SIN NOMBRE', '2020-02-26', 'SIN DESCRIPCION');
INSERT INTO `calendariohaab` VALUES(58, 18, 3, 'SIN NOMBRE', '2020-02-27', 'SIN DESCRIPCION');
INSERT INTO `calendariohaab` VALUES(59, 19, 3, 'SIN NOMBRE', '2020-02-28', 'SIN DESCRIPCION');
INSERT INTO `calendariohaab` VALUES(60, 20, 3, 'SIN NOMBRE', '2020-03-01', 'SIN DESCRIPCION');
INSERT INTO `calendariohaab` VALUES(61, 1, 4, 'SIN NOMBRE', '2020-03-02', 'SIN DESCRIPCION');
INSERT INTO `calendariohaab` VALUES(62, 2, 4, 'SIN NOMBRE', '2020-03-03', 'SIN DESCRIPCION');
INSERT INTO `calendariohaab` VALUES(63, 3, 4, 'SIN NOMBRE', '2020-03-04', 'SIN DESCRIPCION');
INSERT INTO `calendariohaab` VALUES(64, 4, 4, 'SIN NOMBRE', '2020-03-05', 'SIN DESCRIPCION');
INSERT INTO `calendariohaab` VALUES(65, 5, 4, 'SIN NOMBRE', '2020-03-06', 'SIN DESCRIPCION');
INSERT INTO `calendariohaab` VALUES(66, 6, 4, 'SIN NOMBRE', '2020-03-07', 'SIN DESCRIPCION');
INSERT INTO `calendariohaab` VALUES(67, 7, 4, 'SIN NOMBRE', '2020-03-08', 'SIN DESCRIPCION');
INSERT INTO `calendariohaab` VALUES(68, 8, 4, 'SIN NOMBRE', '2020-03-09', 'SIN DESCRIPCION');
INSERT INTO `calendariohaab` VALUES(69, 9, 4, 'SIN NOMBRE', '2020-03-10', 'SIN DESCRIPCION');
INSERT INTO `calendariohaab` VALUES(70, 10, 4, 'SIN NOMBRE', '2020-03-11', 'SIN DESCRIPCION');
INSERT INTO `calendariohaab` VALUES(71, 11, 4, 'SIN NOMBRE', '2020-03-12', 'SIN DESCRIPCION');
INSERT INTO `calendariohaab` VALUES(72, 12, 4, 'SIN NOMBRE', '2020-03-13', 'SIN DESCRIPCION');
INSERT INTO `calendariohaab` VALUES(73, 13, 4, 'SIN NOMBRE', '2020-03-14', 'SIN DESCRIPCION');
INSERT INTO `calendariohaab` VALUES(74, 14, 4, 'SIN NOMBRE', '2020-03-15', 'SIN DESCRIPCION');
INSERT INTO `calendariohaab` VALUES(75, 15, 4, 'SIN NOMBRE', '2020-03-16', 'SIN DESCRIPCION');
INSERT INTO `calendariohaab` VALUES(76, 16, 4, 'SIN NOMBRE', '2020-03-17', 'SIN DESCRIPCION');
INSERT INTO `calendariohaab` VALUES(77, 17, 4, 'SIN NOMBRE', '2020-03-18', 'SIN DESCRIPCION');
INSERT INTO `calendariohaab` VALUES(78, 18, 4, 'SIN NOMBRE', '2020-03-19', 'SIN DESCRIPCION');
INSERT INTO `calendariohaab` VALUES(79, 19, 4, 'SIN NOMBRE', '2020-03-20', 'SIN DESCRIPCION');
INSERT INTO `calendariohaab` VALUES(80, 20, 4, 'SIN NOMBRE', '2020-03-21', 'SIN DESCRIPCION');
INSERT INTO `calendariohaab` VALUES(81, 1, 5, 'SIN NOMBRE', '2020-03-22', 'SIN DESCRIPCION');
INSERT INTO `calendariohaab` VALUES(82, 2, 5, 'SIN NOMBRE', '2020-03-23', 'SIN DESCRIPCION');
INSERT INTO `calendariohaab` VALUES(83, 3, 5, 'SIN NOMBRE', '2020-03-24', 'SIN DESCRIPCION');
INSERT INTO `calendariohaab` VALUES(84, 4, 5, 'SIN NOMBRE', '2020-03-25', 'SIN DESCRIPCION');
INSERT INTO `calendariohaab` VALUES(85, 5, 5, 'SIN NOMBRE', '2020-03-26', 'SIN DESCRIPCION');
INSERT INTO `calendariohaab` VALUES(86, 6, 5, 'SIN NOMBRE', '2020-03-27', 'SIN DESCRIPCION');
INSERT INTO `calendariohaab` VALUES(87, 7, 5, 'SIN NOMBRE', '2020-03-28', 'SIN DESCRIPCION');
INSERT INTO `calendariohaab` VALUES(88, 8, 5, 'SIN NOMBRE', '2020-03-29', 'SIN DESCRIPCION');
INSERT INTO `calendariohaab` VALUES(89, 9, 5, 'SIN NOMBRE', '2020-03-30', 'SIN DESCRIPCION');
INSERT INTO `calendariohaab` VALUES(90, 10, 5, 'SIN NOMBRE', '2020-03-31', 'SIN DESCRIPCION');
INSERT INTO `calendariohaab` VALUES(91, 11, 5, 'SIN NOMBRE', '2020-04-01', 'SIN DESCRIPCION');
INSERT INTO `calendariohaab` VALUES(92, 12, 5, 'SIN NOMBRE', '2020-04-02', 'SIN DESCRIPCION');
INSERT INTO `calendariohaab` VALUES(93, 13, 5, 'SIN NOMBRE', '2020-04-03', 'SIN DESCRIPCION');
INSERT INTO `calendariohaab` VALUES(94, 14, 5, 'SIN NOMBRE', '2020-04-04', 'SIN DESCRIPCION');
INSERT INTO `calendariohaab` VALUES(95, 15, 5, 'SIN NOMBRE', '2020-04-05', 'SIN DESCRIPCION');
INSERT INTO `calendariohaab` VALUES(96, 16, 5, 'SIN NOMBRE', '2020-04-06', 'SIN DESCRIPCION');
INSERT INTO `calendariohaab` VALUES(97, 17, 5, 'SIN NOMBRE', '2020-04-07', 'SIN DESCRIPCION');
INSERT INTO `calendariohaab` VALUES(98, 18, 5, 'SIN NOMBRE', '2020-04-08', 'SIN DESCRIPCION');
INSERT INTO `calendariohaab` VALUES(99, 19, 5, 'SIN NOMBRE', '2020-04-09', 'SIN DESCRIPCION');
INSERT INTO `calendariohaab` VALUES(100, 20, 5, 'SIN NOMBRE', '2020-04-10', 'SIN DESCRIPCION');
INSERT INTO `calendariohaab` VALUES(101, 1, 6, 'SIN NOMBRE', '2020-04-11', 'SIN DESCRIPCION');
INSERT INTO `calendariohaab` VALUES(102, 2, 6, 'SIN NOMBRE', '2020-04-12', 'SIN DESCRIPCION');
INSERT INTO `calendariohaab` VALUES(103, 3, 6, 'SIN NOMBRE', '2020-04-13', 'SIN DESCRIPCION');
INSERT INTO `calendariohaab` VALUES(104, 4, 6, 'SIN NOMBRE', '2020-04-14', 'SIN DESCRIPCION');
INSERT INTO `calendariohaab` VALUES(105, 5, 6, 'SIN NOMBRE', '2020-04-15', 'SIN DESCRIPCION');
INSERT INTO `calendariohaab` VALUES(106, 6, 6, 'SIN NOMBRE', '2020-04-16', 'SIN DESCRIPCION');
INSERT INTO `calendariohaab` VALUES(107, 7, 6, 'SIN NOMBRE', '2020-04-17', 'SIN DESCRIPCION');
INSERT INTO `calendariohaab` VALUES(108, 8, 6, 'SIN NOMBRE', '2020-04-18', 'SIN DESCRIPCION');
INSERT INTO `calendariohaab` VALUES(109, 9, 6, 'SIN NOMBRE', '2020-04-19', 'SIN DESCRIPCION');
INSERT INTO `calendariohaab` VALUES(110, 10, 6, 'SIN NOMBRE', '2020-04-20', 'SIN DESCRIPCION');
INSERT INTO `calendariohaab` VALUES(111, 11, 6, 'SIN NOMBRE', '2020-04-21', 'SIN DESCRIPCION');
INSERT INTO `calendariohaab` VALUES(112, 12, 6, 'SIN NOMBRE', '2020-04-22', 'SIN DESCRIPCION');
INSERT INTO `calendariohaab` VALUES(113, 13, 6, 'SIN NOMBRE', '2020-04-23', 'SIN DESCRIPCION');
INSERT INTO `calendariohaab` VALUES(114, 14, 6, 'SIN NOMBRE', '2020-04-24', 'SIN DESCRIPCION');
INSERT INTO `calendariohaab` VALUES(115, 15, 6, 'SIN NOMBRE', '2020-04-25', 'SIN DESCRIPCION');
INSERT INTO `calendariohaab` VALUES(116, 16, 6, 'SIN NOMBRE', '2020-04-26', 'SIN DESCRIPCION');
INSERT INTO `calendariohaab` VALUES(117, 17, 6, 'SIN NOMBRE', '2020-04-27', 'SIN DESCRIPCION');
INSERT INTO `calendariohaab` VALUES(118, 18, 6, 'SIN NOMBRE', '2020-04-28', 'SIN DESCRIPCION');
INSERT INTO `calendariohaab` VALUES(119, 19, 6, 'SIN NOMBRE', '2020-04-29', 'SIN DESCRIPCION');
INSERT INTO `calendariohaab` VALUES(120, 20, 6, 'SIN NOMBRE', '2020-04-30', 'SIN DESCRIPCION');
INSERT INTO `calendariohaab` VALUES(121, 1, 7, 'SIN NOMBRE', '2020-05-01', 'SIN DESCRIPCION');
INSERT INTO `calendariohaab` VALUES(122, 2, 7, 'SIN NOMBRE', '2020-05-02', 'SIN DESCRIPCION');
INSERT INTO `calendariohaab` VALUES(123, 3, 7, 'SIN NOMBRE', '2020-05-03', 'SIN DESCRIPCION');
INSERT INTO `calendariohaab` VALUES(124, 4, 7, 'SIN NOMBRE', '2020-05-04', 'SIN DESCRIPCION');
INSERT INTO `calendariohaab` VALUES(125, 5, 7, 'SIN NOMBRE', '2020-05-05', 'SIN DESCRIPCION');
INSERT INTO `calendariohaab` VALUES(126, 6, 7, 'SIN NOMBRE', '2020-05-06', 'SIN DESCRIPCION');
INSERT INTO `calendariohaab` VALUES(127, 7, 7, 'SIN NOMBRE', '2020-05-07', 'SIN DESCRIPCION');
INSERT INTO `calendariohaab` VALUES(128, 8, 7, 'SIN NOMBRE', '2020-05-08', 'SIN DESCRIPCION');
INSERT INTO `calendariohaab` VALUES(129, 9, 7, 'SIN NOMBRE', '2020-05-09', 'SIN DESCRIPCION');
INSERT INTO `calendariohaab` VALUES(130, 10, 7, 'SIN NOMBRE', '2020-05-10', 'SIN DESCRIPCION');
INSERT INTO `calendariohaab` VALUES(131, 11, 7, 'SIN NOMBRE', '2020-05-11', 'SIN DESCRIPCION');
INSERT INTO `calendariohaab` VALUES(132, 12, 7, 'SIN NOMBRE', '2020-05-12', 'SIN DESCRIPCION');
INSERT INTO `calendariohaab` VALUES(133, 13, 7, 'SIN NOMBRE', '2020-05-13', 'SIN DESCRIPCION');
INSERT INTO `calendariohaab` VALUES(134, 14, 7, 'SIN NOMBRE', '2020-05-14', 'SIN DESCRIPCION');
INSERT INTO `calendariohaab` VALUES(135, 15, 7, 'SIN NOMBRE', '2020-05-15', 'SIN DESCRIPCION');
INSERT INTO `calendariohaab` VALUES(136, 16, 7, 'SIN NOMBRE', '2020-05-16', 'SIN DESCRIPCION');
INSERT INTO `calendariohaab` VALUES(137, 17, 7, 'SIN NOMBRE', '2020-05-17', 'SIN DESCRIPCION');
INSERT INTO `calendariohaab` VALUES(138, 18, 7, 'SIN NOMBRE', '2020-05-18', 'SIN DESCRIPCION');
INSERT INTO `calendariohaab` VALUES(139, 19, 7, 'SIN NOMBRE', '2020-05-19', 'SIN DESCRIPCION');
INSERT INTO `calendariohaab` VALUES(140, 20, 7, 'SIN NOMBRE', '2020-05-20', 'SIN DESCRIPCION');
INSERT INTO `calendariohaab` VALUES(141, 1, 8, 'SIN NOMBRE', '2020-05-21', 'SIN DESCRIPCION');
INSERT INTO `calendariohaab` VALUES(142, 2, 8, 'SIN NOMBRE', '2020-05-22', 'SIN DESCRIPCION');
INSERT INTO `calendariohaab` VALUES(143, 3, 8, 'SIN NOMBRE', '2020-05-23', 'SIN DESCRIPCION');
INSERT INTO `calendariohaab` VALUES(144, 4, 8, 'SIN NOMBRE', '2020-05-24', 'SIN DESCRIPCION');
INSERT INTO `calendariohaab` VALUES(145, 5, 8, 'SIN NOMBRE', '2020-05-25', 'SIN DESCRIPCION');
INSERT INTO `calendariohaab` VALUES(146, 6, 8, 'SIN NOMBRE', '2020-05-26', 'SIN DESCRIPCION');
INSERT INTO `calendariohaab` VALUES(147, 7, 8, 'SIN NOMBRE', '2020-05-27', 'SIN DESCRIPCION');
INSERT INTO `calendariohaab` VALUES(148, 8, 8, 'SIN NOMBRE', '2020-05-28', 'SIN DESCRIPCION');
INSERT INTO `calendariohaab` VALUES(149, 9, 8, 'SIN NOMBRE', '2020-05-29', 'SIN DESCRIPCION');
INSERT INTO `calendariohaab` VALUES(150, 10, 8, 'SIN NOMBRE', '2020-05-30', 'SIN DESCRIPCION');
INSERT INTO `calendariohaab` VALUES(151, 11, 8, 'SIN NOMBRE', '2020-05-31', 'SIN DESCRIPCION');
INSERT INTO `calendariohaab` VALUES(152, 12, 8, 'SIN NOMBRE', '2020-06-01', 'SIN DESCRIPCION');
INSERT INTO `calendariohaab` VALUES(153, 13, 8, 'SIN NOMBRE', '2020-06-02', 'SIN DESCRIPCION');
INSERT INTO `calendariohaab` VALUES(154, 14, 8, 'SIN NOMBRE', '2020-06-03', 'SIN DESCRIPCION');
INSERT INTO `calendariohaab` VALUES(155, 15, 8, 'SIN NOMBRE', '2020-06-04', 'SIN DESCRIPCION');
INSERT INTO `calendariohaab` VALUES(156, 16, 8, 'SIN NOMBRE', '2020-06-05', 'SIN DESCRIPCION');
INSERT INTO `calendariohaab` VALUES(157, 17, 8, 'SIN NOMBRE', '2020-06-06', 'SIN DESCRIPCION');
INSERT INTO `calendariohaab` VALUES(158, 18, 8, 'SIN NOMBRE', '2020-06-07', 'SIN DESCRIPCION');
INSERT INTO `calendariohaab` VALUES(159, 19, 8, 'SIN NOMBRE', '2020-06-08', 'SIN DESCRIPCION');
INSERT INTO `calendariohaab` VALUES(160, 20, 8, 'SIN NOMBRE', '2020-06-09', 'SIN DESCRIPCION');
INSERT INTO `calendariohaab` VALUES(161, 1, 9, 'SIN NOMBRE', '2020-06-10', 'SIN DESCRIPCION');
INSERT INTO `calendariohaab` VALUES(162, 2, 9, 'SIN NOMBRE', '2020-06-11', 'SIN DESCRIPCION');
INSERT INTO `calendariohaab` VALUES(163, 3, 9, 'SIN NOMBRE', '2020-06-12', 'SIN DESCRIPCION');
INSERT INTO `calendariohaab` VALUES(164, 4, 9, 'SIN NOMBRE', '2020-06-13', 'SIN DESCRIPCION');
INSERT INTO `calendariohaab` VALUES(165, 5, 9, 'SIN NOMBRE', '2020-06-14', 'SIN DESCRIPCION');
INSERT INTO `calendariohaab` VALUES(166, 6, 9, 'SIN NOMBRE', '2020-06-15', 'SIN DESCRIPCION');
INSERT INTO `calendariohaab` VALUES(167, 7, 9, 'SIN NOMBRE', '2020-06-16', 'SIN DESCRIPCION');
INSERT INTO `calendariohaab` VALUES(168, 8, 9, 'SIN NOMBRE', '2020-06-17', 'SIN DESCRIPCION');
INSERT INTO `calendariohaab` VALUES(169, 9, 9, 'SIN NOMBRE', '2020-06-18', 'SIN DESCRIPCION');
INSERT INTO `calendariohaab` VALUES(170, 10, 9, 'SIN NOMBRE', '2020-06-19', 'SIN DESCRIPCION');
INSERT INTO `calendariohaab` VALUES(171, 11, 9, 'SIN NOMBRE', '2020-06-20', 'SIN DESCRIPCION');
INSERT INTO `calendariohaab` VALUES(172, 12, 9, 'SIN NOMBRE', '2020-06-21', 'SIN DESCRIPCION');
INSERT INTO `calendariohaab` VALUES(173, 13, 9, 'SIN NOMBRE', '2020-06-22', 'SIN DESCRIPCION');
INSERT INTO `calendariohaab` VALUES(174, 14, 9, 'SIN NOMBRE', '2020-06-23', 'SIN DESCRIPCION');
INSERT INTO `calendariohaab` VALUES(175, 15, 9, 'SIN NOMBRE', '2020-06-24', 'SIN DESCRIPCION');
INSERT INTO `calendariohaab` VALUES(176, 16, 9, 'SIN NOMBRE', '2020-06-25', 'SIN DESCRIPCION');
INSERT INTO `calendariohaab` VALUES(177, 17, 9, 'SIN NOMBRE', '2020-06-26', 'SIN DESCRIPCION');
INSERT INTO `calendariohaab` VALUES(178, 18, 9, 'SIN NOMBRE', '2020-06-27', 'SIN DESCRIPCION');
INSERT INTO `calendariohaab` VALUES(179, 19, 9, 'SIN NOMBRE', '2020-06-28', 'SIN DESCRIPCION');
INSERT INTO `calendariohaab` VALUES(180, 20, 9, 'SIN NOMBRE', '2020-06-29', 'SIN DESCRIPCION');
INSERT INTO `calendariohaab` VALUES(181, 1, 10, 'SIN NOMBRE', '2020-06-30', 'SIN DESCRIPCION');
INSERT INTO `calendariohaab` VALUES(182, 2, 10, 'SIN NOMBRE', '2020-07-01', 'SIN DESCRIPCION');
INSERT INTO `calendariohaab` VALUES(183, 3, 10, 'SIN NOMBRE', '2020-07-02', 'SIN DESCRIPCION');
INSERT INTO `calendariohaab` VALUES(184, 4, 10, 'SIN NOMBRE', '2020-07-03', 'SIN DESCRIPCION');
INSERT INTO `calendariohaab` VALUES(185, 5, 10, 'SIN NOMBRE', '2020-07-04', 'SIN DESCRIPCION');
INSERT INTO `calendariohaab` VALUES(186, 6, 10, 'SIN NOMBRE', '2020-07-05', 'SIN DESCRIPCION');
INSERT INTO `calendariohaab` VALUES(187, 7, 10, 'SIN NOMBRE', '2020-07-06', 'SIN DESCRIPCION');
INSERT INTO `calendariohaab` VALUES(188, 8, 10, 'SIN NOMBRE', '2020-07-07', 'SIN DESCRIPCION');
INSERT INTO `calendariohaab` VALUES(189, 9, 10, 'SIN NOMBRE', '2020-07-08', 'SIN DESCRIPCION');
INSERT INTO `calendariohaab` VALUES(190, 10, 10, 'SIN NOMBRE', '2020-07-09', 'SIN DESCRIPCION');
INSERT INTO `calendariohaab` VALUES(191, 11, 10, 'SIN NOMBRE', '2020-07-10', 'SIN DESCRIPCION');
INSERT INTO `calendariohaab` VALUES(192, 12, 10, 'SIN NOMBRE', '2020-07-11', 'SIN DESCRIPCION');
INSERT INTO `calendariohaab` VALUES(193, 13, 10, 'SIN NOMBRE', '2020-07-12', 'SIN DESCRIPCION');
INSERT INTO `calendariohaab` VALUES(194, 14, 10, 'SIN NOMBRE', '2020-07-13', 'SIN DESCRIPCION');
INSERT INTO `calendariohaab` VALUES(195, 15, 10, 'SIN NOMBRE', '2020-07-14', 'SIN DESCRIPCION');
INSERT INTO `calendariohaab` VALUES(196, 16, 10, 'SIN NOMBRE', '2020-07-15', 'SIN DESCRIPCION');
INSERT INTO `calendariohaab` VALUES(197, 17, 10, 'SIN NOMBRE', '2020-07-16', 'SIN DESCRIPCION');
INSERT INTO `calendariohaab` VALUES(198, 18, 10, 'SIN NOMBRE', '2020-07-17', 'SIN DESCRIPCION');
INSERT INTO `calendariohaab` VALUES(199, 19, 10, 'SIN NOMBRE', '2020-07-18', 'SIN DESCRIPCION');
INSERT INTO `calendariohaab` VALUES(200, 20, 10, 'SIN NOMBRE', '2020-07-19', 'SIN DESCRIPCION');
INSERT INTO `calendariohaab` VALUES(201, 1, 11, 'SIN NOMBRE', '2020-07-20', 'SIN DESCRIPCION');
INSERT INTO `calendariohaab` VALUES(202, 2, 11, 'SIN NOMBRE', '2020-07-21', 'SIN DESCRIPCION');
INSERT INTO `calendariohaab` VALUES(203, 3, 11, 'SIN NOMBRE', '2020-07-22', 'SIN DESCRIPCION');
INSERT INTO `calendariohaab` VALUES(204, 4, 11, 'SIN NOMBRE', '2020-07-23', 'SIN DESCRIPCION');
INSERT INTO `calendariohaab` VALUES(205, 5, 11, 'SIN NOMBRE', '2020-07-24', 'SIN DESCRIPCION');
INSERT INTO `calendariohaab` VALUES(206, 6, 11, 'SIN NOMBRE', '2020-07-25', 'SIN DESCRIPCION');
INSERT INTO `calendariohaab` VALUES(207, 7, 11, 'SIN NOMBRE', '2020-07-26', 'SIN DESCRIPCION');
INSERT INTO `calendariohaab` VALUES(208, 8, 11, 'SIN NOMBRE', '2020-07-27', 'SIN DESCRIPCION');
INSERT INTO `calendariohaab` VALUES(209, 9, 11, 'SIN NOMBRE', '2020-07-28', 'SIN DESCRIPCION');
INSERT INTO `calendariohaab` VALUES(210, 10, 11, 'SIN NOMBRE', '2020-07-29', 'SIN DESCRIPCION');
INSERT INTO `calendariohaab` VALUES(211, 11, 11, 'SIN NOMBRE', '2020-07-30', 'SIN DESCRIPCION');
INSERT INTO `calendariohaab` VALUES(212, 12, 11, 'SIN NOMBRE', '2020-07-31', 'SIN DESCRIPCION');
INSERT INTO `calendariohaab` VALUES(213, 13, 11, 'SIN NOMBRE', '2020-08-01', 'SIN DESCRIPCION');
INSERT INTO `calendariohaab` VALUES(214, 14, 11, 'SIN NOMBRE', '2020-08-02', 'SIN DESCRIPCION');
INSERT INTO `calendariohaab` VALUES(215, 15, 11, 'SIN NOMBRE', '2020-08-03', 'SIN DESCRIPCION');
INSERT INTO `calendariohaab` VALUES(216, 16, 11, 'SIN NOMBRE', '2020-08-04', 'SIN DESCRIPCION');
INSERT INTO `calendariohaab` VALUES(217, 17, 11, 'SIN NOMBRE', '2020-08-05', 'SIN DESCRIPCION');
INSERT INTO `calendariohaab` VALUES(218, 18, 11, 'SIN NOMBRE', '2020-08-06', 'SIN DESCRIPCION');
INSERT INTO `calendariohaab` VALUES(219, 19, 11, 'SIN NOMBRE', '2020-08-07', 'SIN DESCRIPCION');
INSERT INTO `calendariohaab` VALUES(220, 20, 11, 'SIN NOMBRE', '2020-08-08', 'SIN DESCRIPCION');
INSERT INTO `calendariohaab` VALUES(221, 1, 12, 'SIN NOMBRE', '2020-08-09', 'SIN DESCRIPCION');
INSERT INTO `calendariohaab` VALUES(222, 2, 12, 'SIN NOMBRE', '2020-08-10', 'SIN DESCRIPCION');
INSERT INTO `calendariohaab` VALUES(223, 3, 12, 'SIN NOMBRE', '2020-08-11', 'SIN DESCRIPCION');
INSERT INTO `calendariohaab` VALUES(224, 4, 12, 'SIN NOMBRE', '2020-08-12', 'SIN DESCRIPCION');
INSERT INTO `calendariohaab` VALUES(225, 5, 12, 'SIN NOMBRE', '2020-08-13', 'SIN DESCRIPCION');
INSERT INTO `calendariohaab` VALUES(226, 6, 12, 'SIN NOMBRE', '2020-08-14', 'SIN DESCRIPCION');
INSERT INTO `calendariohaab` VALUES(227, 7, 12, 'SIN NOMBRE', '2020-08-15', 'SIN DESCRIPCION');
INSERT INTO `calendariohaab` VALUES(228, 8, 12, 'SIN NOMBRE', '2020-08-16', 'SIN DESCRIPCION');
INSERT INTO `calendariohaab` VALUES(229, 9, 12, 'SIN NOMBRE', '2020-08-17', 'SIN DESCRIPCION');
INSERT INTO `calendariohaab` VALUES(230, 10, 12, 'SIN NOMBRE', '2020-08-18', 'SIN DESCRIPCION');
INSERT INTO `calendariohaab` VALUES(231, 11, 12, 'SIN NOMBRE', '2020-08-19', 'SIN DESCRIPCION');
INSERT INTO `calendariohaab` VALUES(232, 12, 12, 'SIN NOMBRE', '2020-08-20', 'SIN DESCRIPCION');
INSERT INTO `calendariohaab` VALUES(233, 13, 12, 'SIN NOMBRE', '2020-08-21', 'SIN DESCRIPCION');
INSERT INTO `calendariohaab` VALUES(234, 14, 12, 'SIN NOMBRE', '2020-08-22', 'SIN DESCRIPCION');
INSERT INTO `calendariohaab` VALUES(235, 15, 12, 'SIN NOMBRE', '2020-08-23', 'SIN DESCRIPCION');
INSERT INTO `calendariohaab` VALUES(236, 16, 12, 'SIN NOMBRE', '2020-08-24', 'SIN DESCRIPCION');
INSERT INTO `calendariohaab` VALUES(237, 17, 12, 'SIN NOMBRE', '2020-08-25', 'SIN DESCRIPCION');
INSERT INTO `calendariohaab` VALUES(238, 18, 12, 'SIN NOMBRE', '2020-08-26', 'SIN DESCRIPCION');
INSERT INTO `calendariohaab` VALUES(239, 19, 12, 'SIN NOMBRE', '2020-08-27', 'SIN DESCRIPCION');
INSERT INTO `calendariohaab` VALUES(240, 20, 12, 'SIN NOMBRE', '2020-08-28', 'SIN DESCRIPCION');
INSERT INTO `calendariohaab` VALUES(241, 1, 13, 'SIN NOMBRE', '2020-08-29', 'SIN DESCRIPCION');
INSERT INTO `calendariohaab` VALUES(242, 2, 13, 'SIN NOMBRE', '2020-08-30', 'SIN DESCRIPCION');
INSERT INTO `calendariohaab` VALUES(243, 3, 13, 'SIN NOMBRE', '2020-08-31', 'SIN DESCRIPCION');
INSERT INTO `calendariohaab` VALUES(244, 4, 13, 'SIN NOMBRE', '2020-09-01', 'SIN DESCRIPCION');
INSERT INTO `calendariohaab` VALUES(245, 5, 13, 'SIN NOMBRE', '2020-09-02', 'SIN DESCRIPCION');
INSERT INTO `calendariohaab` VALUES(246, 6, 13, 'SIN NOMBRE', '2020-09-03', 'SIN DESCRIPCION');
INSERT INTO `calendariohaab` VALUES(247, 7, 13, 'SIN NOMBRE', '2020-09-04', 'SIN DESCRIPCION');
INSERT INTO `calendariohaab` VALUES(248, 8, 13, 'SIN NOMBRE', '2020-09-05', 'SIN DESCRIPCION');
INSERT INTO `calendariohaab` VALUES(249, 9, 13, 'SIN NOMBRE', '2020-09-06', 'SIN DESCRIPCION');
INSERT INTO `calendariohaab` VALUES(250, 10, 13, 'SIN NOMBRE', '2020-09-07', 'SIN DESCRIPCION');
INSERT INTO `calendariohaab` VALUES(251, 11, 13, 'SIN NOMBRE', '2020-09-08', 'SIN DESCRIPCION');
INSERT INTO `calendariohaab` VALUES(252, 12, 13, 'SIN NOMBRE', '2020-09-09', 'SIN DESCRIPCION');
INSERT INTO `calendariohaab` VALUES(253, 13, 13, 'SIN NOMBRE', '2020-09-10', 'SIN DESCRIPCION');
INSERT INTO `calendariohaab` VALUES(254, 14, 13, 'SIN NOMBRE', '2020-09-11', 'SIN DESCRIPCION');
INSERT INTO `calendariohaab` VALUES(255, 15, 13, 'SIN NOMBRE', '2020-09-12', 'SIN DESCRIPCION');
INSERT INTO `calendariohaab` VALUES(256, 16, 13, 'SIN NOMBRE', '2020-09-13', 'SIN DESCRIPCION');
INSERT INTO `calendariohaab` VALUES(257, 17, 13, 'SIN NOMBRE', '2020-09-14', 'SIN DESCRIPCION');
INSERT INTO `calendariohaab` VALUES(258, 18, 13, 'SIN NOMBRE', '2020-09-15', 'SIN DESCRIPCION');
INSERT INTO `calendariohaab` VALUES(259, 19, 13, 'SIN NOMBRE', '2020-09-16', 'SIN DESCRIPCION');
INSERT INTO `calendariohaab` VALUES(260, 20, 13, 'SIN NOMBRE', '2020-09-17', 'SIN DESCRIPCION');
INSERT INTO `calendariohaab` VALUES(261, 1, 14, 'SIN NOMBRE', '2020-09-18', 'SIN DESCRIPCION');
INSERT INTO `calendariohaab` VALUES(262, 2, 14, 'SIN NOMBRE', '2020-09-19', 'SIN DESCRIPCION');
INSERT INTO `calendariohaab` VALUES(263, 3, 14, 'SIN NOMBRE', '2020-09-20', 'SIN DESCRIPCION');
INSERT INTO `calendariohaab` VALUES(264, 4, 14, 'SIN NOMBRE', '2020-09-21', 'SIN DESCRIPCION');
INSERT INTO `calendariohaab` VALUES(265, 5, 14, 'SIN NOMBRE', '2020-09-22', 'SIN DESCRIPCION');
INSERT INTO `calendariohaab` VALUES(266, 6, 14, 'SIN NOMBRE', '2020-09-23', 'SIN DESCRIPCION');
INSERT INTO `calendariohaab` VALUES(267, 7, 14, 'SIN NOMBRE', '2020-09-24', 'SIN DESCRIPCION');
INSERT INTO `calendariohaab` VALUES(268, 8, 14, 'SIN NOMBRE', '2020-09-25', 'SIN DESCRIPCION');
INSERT INTO `calendariohaab` VALUES(269, 9, 14, 'SIN NOMBRE', '2020-09-26', 'SIN DESCRIPCION');
INSERT INTO `calendariohaab` VALUES(270, 10, 14, 'SIN NOMBRE', '2020-09-27', 'SIN DESCRIPCION');
INSERT INTO `calendariohaab` VALUES(271, 11, 14, 'SIN NOMBRE', '2020-09-28', 'SIN DESCRIPCION');
INSERT INTO `calendariohaab` VALUES(272, 12, 14, 'SIN NOMBRE', '2020-09-29', 'SIN DESCRIPCION');
INSERT INTO `calendariohaab` VALUES(273, 13, 14, 'SIN NOMBRE', '2020-09-30', 'SIN DESCRIPCION');
INSERT INTO `calendariohaab` VALUES(274, 14, 14, 'SIN NOMBRE', '2020-10-01', 'SIN DESCRIPCION');
INSERT INTO `calendariohaab` VALUES(275, 15, 14, 'SIN NOMBRE', '2020-10-02', 'SIN DESCRIPCION');
INSERT INTO `calendariohaab` VALUES(276, 16, 14, 'SIN NOMBRE', '2020-10-03', 'SIN DESCRIPCION');
INSERT INTO `calendariohaab` VALUES(277, 17, 14, 'SIN NOMBRE', '2020-10-04', 'SIN DESCRIPCION');
INSERT INTO `calendariohaab` VALUES(278, 18, 14, 'SIN NOMBRE', '2020-10-05', 'SIN DESCRIPCION');
INSERT INTO `calendariohaab` VALUES(279, 19, 14, 'SIN NOMBRE', '2020-10-06', 'SIN DESCRIPCION');
INSERT INTO `calendariohaab` VALUES(280, 20, 14, 'SIN NOMBRE', '2020-10-07', 'SIN DESCRIPCION');
INSERT INTO `calendariohaab` VALUES(281, 1, 15, 'SIN NOMBRE', '2020-10-08', 'SIN DESCRIPCION');
INSERT INTO `calendariohaab` VALUES(282, 2, 15, 'SIN NOMBRE', '2020-10-09', 'SIN DESCRIPCION');
INSERT INTO `calendariohaab` VALUES(283, 3, 15, 'SIN NOMBRE', '2020-10-10', 'SIN DESCRIPCION');
INSERT INTO `calendariohaab` VALUES(284, 4, 15, 'SIN NOMBRE', '2020-10-11', 'SIN DESCRIPCION');
INSERT INTO `calendariohaab` VALUES(285, 5, 15, 'SIN NOMBRE', '2020-10-12', 'SIN DESCRIPCION');
INSERT INTO `calendariohaab` VALUES(286, 6, 15, 'SIN NOMBRE', '2020-10-13', 'SIN DESCRIPCION');
INSERT INTO `calendariohaab` VALUES(287, 7, 15, 'SIN NOMBRE', '2020-10-14', 'SIN DESCRIPCION');
INSERT INTO `calendariohaab` VALUES(288, 8, 15, 'SIN NOMBRE', '2020-10-15', 'SIN DESCRIPCION');
INSERT INTO `calendariohaab` VALUES(289, 9, 15, 'SIN NOMBRE', '2020-10-16', 'SIN DESCRIPCION');
INSERT INTO `calendariohaab` VALUES(290, 10, 15, 'SIN NOMBRE', '2020-10-17', 'SIN DESCRIPCION');
INSERT INTO `calendariohaab` VALUES(291, 11, 15, 'SIN NOMBRE', '2020-10-18', 'SIN DESCRIPCION');
INSERT INTO `calendariohaab` VALUES(292, 12, 15, 'SIN NOMBRE', '2020-10-19', 'SIN DESCRIPCION');
INSERT INTO `calendariohaab` VALUES(293, 13, 15, 'SIN NOMBRE', '2020-10-20', 'SIN DESCRIPCION');
INSERT INTO `calendariohaab` VALUES(294, 14, 15, 'SIN NOMBRE', '2020-10-21', 'SIN DESCRIPCION');
INSERT INTO `calendariohaab` VALUES(295, 15, 15, 'SIN NOMBRE', '2020-10-22', 'SIN DESCRIPCION');
INSERT INTO `calendariohaab` VALUES(296, 16, 15, 'SIN NOMBRE', '2020-10-23', 'SIN DESCRIPCION');
INSERT INTO `calendariohaab` VALUES(297, 17, 15, 'SIN NOMBRE', '2020-10-24', 'SIN DESCRIPCION');
INSERT INTO `calendariohaab` VALUES(298, 18, 15, 'SIN NOMBRE', '2020-10-25', 'SIN DESCRIPCION');
INSERT INTO `calendariohaab` VALUES(299, 19, 15, 'SIN NOMBRE', '2020-10-26', 'SIN DESCRIPCION');
INSERT INTO `calendariohaab` VALUES(300, 20, 15, 'SIN NOMBRE', '2020-10-27', 'SIN DESCRIPCION');
INSERT INTO `calendariohaab` VALUES(301, 1, 16, 'SIN NOMBRE', '2020-10-28', 'SIN DESCRIPCION');
INSERT INTO `calendariohaab` VALUES(302, 2, 16, 'SIN NOMBRE', '2020-10-29', 'SIN DESCRIPCION');
INSERT INTO `calendariohaab` VALUES(303, 3, 16, 'SIN NOMBRE', '2020-10-30', 'SIN DESCRIPCION');
INSERT INTO `calendariohaab` VALUES(304, 4, 16, 'SIN NOMBRE', '2020-10-31', 'SIN DESCRIPCION');
INSERT INTO `calendariohaab` VALUES(305, 5, 16, 'SIN NOMBRE', '2020-11-01', 'SIN DESCRIPCION');
INSERT INTO `calendariohaab` VALUES(306, 6, 16, 'SIN NOMBRE', '2020-11-02', 'SIN DESCRIPCION');
INSERT INTO `calendariohaab` VALUES(307, 7, 16, 'SIN NOMBRE', '2020-11-03', 'SIN DESCRIPCION');
INSERT INTO `calendariohaab` VALUES(308, 8, 16, 'SIN NOMBRE', '2020-11-04', 'SIN DESCRIPCION');
INSERT INTO `calendariohaab` VALUES(309, 9, 16, 'SIN NOMBRE', '2020-11-05', 'SIN DESCRIPCION');
INSERT INTO `calendariohaab` VALUES(310, 10, 16, 'SIN NOMBRE', '2020-11-06', 'SIN DESCRIPCION');
INSERT INTO `calendariohaab` VALUES(311, 11, 16, 'SIN NOMBRE', '2020-11-07', 'SIN DESCRIPCION');
INSERT INTO `calendariohaab` VALUES(312, 12, 16, 'SIN NOMBRE', '2020-11-08', 'SIN DESCRIPCION');
INSERT INTO `calendariohaab` VALUES(313, 13, 16, 'SIN NOMBRE', '2020-11-09', 'SIN DESCRIPCION');
INSERT INTO `calendariohaab` VALUES(314, 14, 16, 'SIN NOMBRE', '2020-11-10', 'SIN DESCRIPCION');
INSERT INTO `calendariohaab` VALUES(315, 15, 16, 'SIN NOMBRE', '2020-11-11', 'SIN DESCRIPCION');
INSERT INTO `calendariohaab` VALUES(316, 16, 16, 'SIN NOMBRE', '2020-11-12', 'SIN DESCRIPCION');
INSERT INTO `calendariohaab` VALUES(317, 17, 16, 'SIN NOMBRE', '2020-11-13', 'SIN DESCRIPCION');
INSERT INTO `calendariohaab` VALUES(318, 18, 16, 'SIN NOMBRE', '2020-11-14', 'SIN DESCRIPCION');
INSERT INTO `calendariohaab` VALUES(319, 19, 16, 'SIN NOMBRE', '2020-11-15', 'SIN DESCRIPCION');
INSERT INTO `calendariohaab` VALUES(320, 20, 16, 'SIN NOMBRE', '2020-11-16', 'SIN DESCRIPCION');
INSERT INTO `calendariohaab` VALUES(321, 1, 17, 'SIN NOMBRE', '2020-11-17', 'SIN DESCRIPCION');
INSERT INTO `calendariohaab` VALUES(322, 2, 17, 'SIN NOMBRE', '2020-11-18', 'SIN DESCRIPCION');
INSERT INTO `calendariohaab` VALUES(323, 3, 17, 'SIN NOMBRE', '2020-11-19', 'SIN DESCRIPCION');
INSERT INTO `calendariohaab` VALUES(324, 4, 17, 'SIN NOMBRE', '2020-11-20', 'SIN DESCRIPCION');
INSERT INTO `calendariohaab` VALUES(325, 5, 17, 'SIN NOMBRE', '2020-11-21', 'SIN DESCRIPCION');
INSERT INTO `calendariohaab` VALUES(326, 6, 17, 'SIN NOMBRE', '2020-11-22', 'SIN DESCRIPCION');
INSERT INTO `calendariohaab` VALUES(327, 7, 17, 'SIN NOMBRE', '2020-11-23', 'SIN DESCRIPCION');
INSERT INTO `calendariohaab` VALUES(328, 8, 17, 'SIN NOMBRE', '2020-11-24', 'SIN DESCRIPCION');
INSERT INTO `calendariohaab` VALUES(329, 9, 17, 'SIN NOMBRE', '2020-11-25', 'SIN DESCRIPCION');
INSERT INTO `calendariohaab` VALUES(330, 10, 17, 'SIN NOMBRE', '2020-11-26', 'SIN DESCRIPCION');
INSERT INTO `calendariohaab` VALUES(331, 11, 17, 'SIN NOMBRE', '2020-11-27', 'SIN DESCRIPCION');
INSERT INTO `calendariohaab` VALUES(332, 12, 17, 'SIN NOMBRE', '2020-11-28', 'SIN DESCRIPCION');
INSERT INTO `calendariohaab` VALUES(333, 13, 17, 'SIN NOMBRE', '2020-11-29', 'SIN DESCRIPCION');
INSERT INTO `calendariohaab` VALUES(334, 14, 17, 'SIN NOMBRE', '2020-11-30', 'SIN DESCRIPCION');
INSERT INTO `calendariohaab` VALUES(335, 15, 17, 'SIN NOMBRE', '2020-12-01', 'SIN DESCRIPCION');
INSERT INTO `calendariohaab` VALUES(336, 16, 17, 'SIN NOMBRE', '2020-12-02', 'SIN DESCRIPCION');
INSERT INTO `calendariohaab` VALUES(337, 17, 17, 'SIN NOMBRE', '2020-12-03', 'SIN DESCRIPCION');
INSERT INTO `calendariohaab` VALUES(338, 18, 17, 'SIN NOMBRE', '2020-12-04', 'SIN DESCRIPCION');
INSERT INTO `calendariohaab` VALUES(339, 19, 17, 'SIN NOMBRE', '2020-12-05', 'SIN DESCRIPCION');
INSERT INTO `calendariohaab` VALUES(340, 20, 17, 'SIN NOMBRE', '2020-12-06', 'SIN DESCRIPCION');
INSERT INTO `calendariohaab` VALUES(341, 1, 18, 'SIN NOMBRE', '2020-12-07', 'SIN DESCRIPCION');
INSERT INTO `calendariohaab` VALUES(342, 2, 18, 'SIN NOMBRE', '2020-12-08', 'SIN DESCRIPCION');
INSERT INTO `calendariohaab` VALUES(343, 3, 18, 'SIN NOMBRE', '2020-12-09', 'SIN DESCRIPCION');
INSERT INTO `calendariohaab` VALUES(344, 4, 18, 'SIN NOMBRE', '2020-12-10', 'SIN DESCRIPCION');
INSERT INTO `calendariohaab` VALUES(345, 5, 18, 'SIN NOMBRE', '2020-12-11', 'SIN DESCRIPCION');
INSERT INTO `calendariohaab` VALUES(346, 6, 18, 'SIN NOMBRE', '2020-12-12', 'SIN DESCRIPCION');
INSERT INTO `calendariohaab` VALUES(347, 7, 18, 'SIN NOMBRE', '2020-12-13', 'SIN DESCRIPCION');
INSERT INTO `calendariohaab` VALUES(348, 8, 18, 'SIN NOMBRE', '2020-12-14', 'SIN DESCRIPCION');
INSERT INTO `calendariohaab` VALUES(349, 9, 18, 'SIN NOMBRE', '2020-12-15', 'SIN DESCRIPCION');
INSERT INTO `calendariohaab` VALUES(350, 10, 18, 'SIN NOMBRE', '2020-12-16', 'SIN DESCRIPCION');
INSERT INTO `calendariohaab` VALUES(351, 11, 18, 'SIN NOMBRE', '2020-12-17', 'SIN DESCRIPCION');
INSERT INTO `calendariohaab` VALUES(352, 12, 18, 'SIN NOMBRE', '2020-12-18', 'SIN DESCRIPCION');
INSERT INTO `calendariohaab` VALUES(353, 13, 18, 'SIN NOMBRE', '2020-12-19', 'SIN DESCRIPCION');
INSERT INTO `calendariohaab` VALUES(354, 14, 18, 'SIN NOMBRE', '2020-12-20', 'SIN DESCRIPCION');
INSERT INTO `calendariohaab` VALUES(355, 15, 18, 'SIN NOMBRE', '2020-12-21', 'SIN DESCRIPCION');
INSERT INTO `calendariohaab` VALUES(356, 16, 18, 'SIN NOMBRE', '2020-12-22', 'SIN DESCRIPCION');
INSERT INTO `calendariohaab` VALUES(357, 17, 18, 'SIN NOMBRE', '2020-12-23', 'SIN DESCRIPCION');
INSERT INTO `calendariohaab` VALUES(358, 18, 18, 'SIN NOMBRE', '2020-12-24', 'SIN DESCRIPCION');
INSERT INTO `calendariohaab` VALUES(359, 19, 18, 'SIN NOMBRE', '2020-12-25', 'SIN DESCRIPCION');
INSERT INTO `calendariohaab` VALUES(360, 20, 18, 'SIN NOMBRE', '2020-12-26', 'SIN DESCRIPCION');
INSERT INTO `calendariohaab` VALUES(361, 1, 19, 'SIN NOMBRE', '2020-12-27', 'SIN DESCRIPCION');
INSERT INTO `calendariohaab` VALUES(362, 2, 19, 'SIN NOMBRE', '2020-12-28', 'SIN DESCRIPCION');
INSERT INTO `calendariohaab` VALUES(363, 3, 19, 'SIN NOMBRE', '2020-12-29', 'SIN DESCRIPCION');
INSERT INTO `calendariohaab` VALUES(364, 4, 19, 'SIN NOMBRE', '2020-12-30', 'SIN DESCRIPCION');
INSERT INTO `calendariohaab` VALUES(365, 5, 19, 'SIN NOMBRE', '2020-12-31', 'SIN DESCRIPCION');

-- --------------------------------------------------------

--
-- Estructura de tabla para la tabla `cargador`
--

CREATE TABLE `cargador` (
  `nombre` varchar(10) NOT NULL,
  `descripcion` varchar(45) NOT NULL,
  `rutaImagen` varchar(80) DEFAULT NULL,
  `id` int(11) DEFAULT NULL,
  `rutaWeb` varchar(80) DEFAULT NULL
) ENGINE=InnoDB DEFAULT CHARSET=utf8;

--
-- Volcado de datos para la tabla `cargador`
--

INSERT INTO `cargador` VALUES('B\'E', 'Sin descripcion', './src/gui/nahuales/2 e.jpg', 1, './gui/nahuales/2 e.jpg');
INSERT INTO `cargador` VALUES('IQ\'', 'Sin descripcion', './src/gui/nahuales/12 iq.jpg', 2, './gui/nahuales/12 iq.jpg');
INSERT INTO `cargador` VALUES('KEJ', 'Sin descripcion', './src/gui/nahuales/17 kej.jpg', 3, './gui/nahuales/17 kej.jpg');
INSERT INTO `cargador` VALUES('N\'oj', 'Sin descripcion', './src/gui/nahuales/7 noj.jpg', 4, './gui/nahuales/7 noj.jpg');

-- --------------------------------------------------------

--
-- Estructura de tabla para la tabla `categoria`
--

CREATE TABLE `categoria` (
  `id` int(11) NOT NULL,
  `nombre` varchar(50) NOT NULL
) ENGINE=InnoDB DEFAULT CHARSET=utf8;

--
-- Volcado de datos para la tabla `categoria`
--

INSERT INTO `categoria` VALUES(1, 'historia');

-- --------------------------------------------------------

--
-- Estructura de tabla para la tabla `categorizar`
--

CREATE TABLE `categorizar` (
  `idHechoHistorico` int(11) NOT NULL,
  `idCategoria` int(11) NOT NULL
) ENGINE=InnoDB DEFAULT CHARSET=utf8;

--
-- Volcado de datos para la tabla `categorizar`
--

INSERT INTO `categorizar` VALUES(18, 1);

-- --------------------------------------------------------

--
-- Estructura de tabla para la tabla `debilidad`
--

CREATE TABLE `debilidad` (
  `id` int(11) NOT NULL,
  `debilidad` varchar(150) NOT NULL,
  `idNahual` int(11) NOT NULL
) ENGINE=InnoDB DEFAULT CHARSET=utf8mb4;

--
-- Volcado de datos para la tabla `debilidad`
--

INSERT INTO `debilidad` VALUES(1, 'Inseguro', 1);
INSERT INTO `debilidad` VALUES(2, 'Harag├ín', 1);
INSERT INTO `debilidad` VALUES(3, 'Enojado, agresivo', 1);
INSERT INTO `debilidad` VALUES(4, 'Envidioso, calumniador', 1);
INSERT INTO `debilidad` VALUES(5, 'Mala imaginaci├│n, incr├®dulo', 1);
INSERT INTO `debilidad` VALUES(6, 'Ambicioso de cualquier cosa', 1);
INSERT INTO `debilidad` VALUES(7, 'D├®bil de voluntad', 1);
INSERT INTO `debilidad` VALUES(8, 'Desconfiado e inseguro', 2);
INSERT INTO `debilidad` VALUES(9, 'Algunas veces se puede resentir', 2);
INSERT INTO `debilidad` VALUES(10, 'Es variable con su car├ícter', 2);
INSERT INTO `debilidad` VALUES(11, 'Es nervioso y fr├ígil', 2);
INSERT INTO `debilidad` VALUES(12, 'Impaciente en algunas ocasiones', 2);
INSERT INTO `debilidad` VALUES(13, 'Rega├▒a', 3);
INSERT INTO `debilidad` VALUES(14, 'Celoso', 3);
INSERT INTO `debilidad` VALUES(15, 'Nervioso', 3);
INSERT INTO `debilidad` VALUES(16, 'Expuesto a discutir y juzgar', 3);
INSERT INTO `debilidad` VALUES(17, 'Hace lo que le plazca', 3);
INSERT INTO `debilidad` VALUES(18, 'Extremista, no es de moderaci├│n', 3);
INSERT INTO `debilidad` VALUES(19, 'Hace bromas pesadas', 3);
INSERT INTO `debilidad` VALUES(20, 'No es constante en la fe', 3);
INSERT INTO `debilidad` VALUES(21, 'Variable', 3);
INSERT INTO `debilidad` VALUES(22, 'Sufre con frecuencia, se enferma en la ni├▒ez', 3);
INSERT INTO `debilidad` VALUES(23, 'Alcoh├│lico', 3);
INSERT INTO `debilidad` VALUES(24, 'Destructor', 3);
INSERT INTO `debilidad` VALUES(25, 'Una vida variable, de dolor', 3);
INSERT INTO `debilidad` VALUES(26, 'tristeza y alegr├¡a', 3);
INSERT INTO `debilidad` VALUES(27, 'Puede llegar a tener un car├ícter fuerte.', 4);
INSERT INTO `debilidad` VALUES(28, 'Algunas veces se enoja y se impacienta.', 4);
INSERT INTO `debilidad` VALUES(29, 'Su car├ícter le puede hacer prepotente, orgulloso, col├®rico, serio y vengativo.', 4);
INSERT INTO `debilidad` VALUES(30, 'Envidia', 5);
INSERT INTO `debilidad` VALUES(31, 'Infidelidad', 5);
INSERT INTO `debilidad` VALUES(32, 'Avaricia', 5);
INSERT INTO `debilidad` VALUES(33, 'Taca├▒er├¡a', 5);
INSERT INTO `debilidad` VALUES(34, 'En alg├║n vicio', 5);
INSERT INTO `debilidad` VALUES(35, 'Pecador', 6);
INSERT INTO `debilidad` VALUES(36, 'Enamorado', 6);
INSERT INTO `debilidad` VALUES(37, 'Alcoh├│lico', 6);
INSERT INTO `debilidad` VALUES(38, 'Destructores de la herencia', 6);
INSERT INTO `debilidad` VALUES(39, 'Mentirosos', 6);
INSERT INTO `debilidad` VALUES(40, 'Afamados', 6);
INSERT INTO `debilidad` VALUES(41, 'Resentido', 6);
INSERT INTO `debilidad` VALUES(42, 'Ladr├│n', 6);
INSERT INTO `debilidad` VALUES(43, 'Ad├║ltero', 6);
INSERT INTO `debilidad` VALUES(44, 'Fr├¡os e insensibles', 6);
INSERT INTO `debilidad` VALUES(45, 'Minimizan los sentimientos de los dem├ís', 6);
INSERT INTO `debilidad` VALUES(46, 'Interesados en la autoridad y posici├│n social y pol├¡tica', 6);
INSERT INTO `debilidad` VALUES(47, 'Puede caer en el orgullo.', 7);
INSERT INTO `debilidad` VALUES(48, 'Se puede enojar con facilidad.', 7);
INSERT INTO `debilidad` VALUES(49, 'Le cuesta tomar decisiones.', 7);
INSERT INTO `debilidad` VALUES(50, 'Puede ser individualista y ego├¡sta.', 7);
INSERT INTO `debilidad` VALUES(51, 'Puede ser violento y enojado.', 8);
INSERT INTO `debilidad` VALUES(52, 'Puede sufrir enfermedades.', 8);
INSERT INTO `debilidad` VALUES(53, 'Puede ofenderse f├ícilmente.', 8);
INSERT INTO `debilidad` VALUES(54, 'Puede caer en la venganza y en los pleitos.', 8);
INSERT INTO `debilidad` VALUES(55, 'Puede caer en el enojo.', 9);
INSERT INTO `debilidad` VALUES(56, 'A veces es perseguido por los problemas y los pleitos.', 9);
INSERT INTO `debilidad` VALUES(57, 'No es muy afortunado en el amor.', 9);
INSERT INTO `debilidad` VALUES(58, 'Se le puede culpar de todo lo que pasa.', 9);
INSERT INTO `debilidad` VALUES(59, 'Muy hablador.', 9);
INSERT INTO `debilidad` VALUES(60, 'Se puede meter en donde no es llamado.', 9);
INSERT INTO `debilidad` VALUES(61, 'Puede caer en el enojo.', 10);
INSERT INTO `debilidad` VALUES(62, 'Puede ser tajante.', 10);
INSERT INTO `debilidad` VALUES(63, 'Es delicado.,', 10);
INSERT INTO `debilidad` VALUES(64, 'Puede enfermarse.', 10);
INSERT INTO `debilidad` VALUES(65, 'Puede evadir responsabilidades.', 10);
INSERT INTO `debilidad` VALUES(66, 'Le dificulta aceptar correcciones.', 10);
INSERT INTO `debilidad` VALUES(67, 'Puede tener una actitud autosuficiencia.', 10);
INSERT INTO `debilidad` VALUES(68, 'Se le olvida con facilidad las cosas.', 11);
INSERT INTO `debilidad` VALUES(69, 'Puede resultar muy inseguro.', 11);
INSERT INTO `debilidad` VALUES(70, 'Puede tener reacciones violentas.', 11);
INSERT INTO `debilidad` VALUES(71, 'Es ordenado en sus cosas.', 11);
INSERT INTO `debilidad` VALUES(72, 'Puede tener un car├ícter variado.', 11);
INSERT INTO `debilidad` VALUES(73, 'De car├ícter muy fuerte.', 12);
INSERT INTO `debilidad` VALUES(74, 'Puede resultar inseguro e impulsivo.', 12);
INSERT INTO `debilidad` VALUES(75, 'Puede caer en la infidelidad con su pareja.', 12);
INSERT INTO `debilidad` VALUES(76, 'Puede sufrir algunos problemas sociales y econ├│micos.', 12);
INSERT INTO `debilidad` VALUES(77, 'Le encanta decir directamente las cosas.', 12);
INSERT INTO `debilidad` VALUES(78, 'No es bien reconocido en su tierra.', 13);
INSERT INTO `debilidad` VALUES(79, 'Puede encontrar el fracaso.', 13);
INSERT INTO `debilidad` VALUES(80, 'Puede caer en la mentira y la traici├│n.', 13);
INSERT INTO `debilidad` VALUES(81, 'Puede tener dificultades en lo econ├│mico.', 13);
INSERT INTO `debilidad` VALUES(82, 'Es un poco reservado y aislado.', 13);
INSERT INTO `debilidad` VALUES(83, 'Puede caer en los chismes y en el enojo.', 14);
INSERT INTO `debilidad` VALUES(84, 'Puede resultar nervioso.', 14);
INSERT INTO `debilidad` VALUES(85, 'Puede perder las cosas con facilidad.', 14);
INSERT INTO `debilidad` VALUES(86, 'Puede estar propenso a malas influencias.', 14);
INSERT INTO `debilidad` VALUES(87, 'Puede caer en el individualismo.', 14);
INSERT INTO `debilidad` VALUES(88, 'Puede caer en elorgullo.', 14);
INSERT INTO `debilidad` VALUES(89, 'Con tendencia a meterse en los problemas ajenos.', 14);
INSERT INTO `debilidad` VALUES(90, 'Puede estar influenciado por el enojo y la traici├│n.', 15);
INSERT INTO `debilidad` VALUES(91, 'Puede caer en el resentimiento y la avaricia.', 15);
INSERT INTO `debilidad` VALUES(92, 'Es desconfiado y sorpresivo.', 15);
INSERT INTO `debilidad` VALUES(93, 'Puede tener un temperamento fuerte.', 16);
INSERT INTO `debilidad` VALUES(94, 'Propenso al suicidio.', 16);
INSERT INTO `debilidad` VALUES(95, 'Puede sufrir mucho al no cumplir con sus obligaciones con la Madre Naturaleza.', 16);
INSERT INTO `debilidad` VALUES(96, 'Puede tener tendencias a la mentira y a la infidelidad con su pareja.', 16);
INSERT INTO `debilidad` VALUES(97, 'Puede hacer el mal con su pensamiento', 17);
INSERT INTO `debilidad` VALUES(98, 'Tiene un car├ícter fuerte', 17);
INSERT INTO `debilidad` VALUES(99, 'Pueden ser muy compulsivos', 17);
INSERT INTO `debilidad` VALUES(100, 'Les gusta la popularidad y el poder', 17);
INSERT INTO `debilidad` VALUES(101, 'Podr├¡an ser autocr├íticos, manipuladores etc.', 17);
INSERT INTO `debilidad` VALUES(102, 'Les gusta la comodidad', 17);
INSERT INTO `debilidad` VALUES(103, 'Son muy reservados', 17);
INSERT INTO `debilidad` VALUES(104, 'Autoritarios', 17);
INSERT INTO `debilidad` VALUES(105, 'Suelen ser exigentes', 17);
INSERT INTO `debilidad` VALUES(106, 'Les gusta hundir y aplastar a las personas.', 17);
INSERT INTO `debilidad` VALUES(107, 'Podr├¡an ser necios', 17);
INSERT INTO `debilidad` VALUES(108, 'Padecen de dolor de cabeza, resfriados', 18);
INSERT INTO `debilidad` VALUES(109, 'Podr├¡an destruir su propio hogar', 18);
INSERT INTO `debilidad` VALUES(110, 'Incr├®dulos', 18);
INSERT INTO `debilidad` VALUES(111, 'Creen en su imaginaci├│n', 18);
INSERT INTO `debilidad` VALUES(112, 'Regularmente son nerviosos', 18);
INSERT INTO `debilidad` VALUES(113, 'Pueden ser cobardes', 18);
INSERT INTO `debilidad` VALUES(114, 'Autodestructivos', 18);
INSERT INTO `debilidad` VALUES(115, 'Evitan las grandes responsabilidades', 18);
INSERT INTO `debilidad` VALUES(116, 'Propensos a adquirir vicios relacionados con estimulantes', 18);
INSERT INTO `debilidad` VALUES(117, 'Muy agresivos, enojados', 18);
INSERT INTO `debilidad` VALUES(118, 'A veces son obsesivos, compulsivos', 18);
INSERT INTO `debilidad` VALUES(119, 'Llegan a donde no son llamados', 18);
INSERT INTO `debilidad` VALUES(120, 'Orgullosos', 18);
INSERT INTO `debilidad` VALUES(121, 'Suelen ser ego├¡stas', 18);
INSERT INTO `debilidad` VALUES(122, 'Puede sufrir enfermedades.', 19);
INSERT INTO `debilidad` VALUES(123, 'Puede caer en la miseria.', 19);
INSERT INTO `debilidad` VALUES(124, 'Puede tener inestabilidad mental.', 19);
INSERT INTO `debilidad` VALUES(125, 'Puede estar expuesto a accidentes.', 19);
INSERT INTO `debilidad` VALUES(126, 'Puede caer en el orgullo y la vanidad.', 19);
INSERT INTO `debilidad` VALUES(127, 'Vicioso y orgulloso', 19);
INSERT INTO `debilidad` VALUES(128, 'Puede resultar vicioso e infiel.', 20);
INSERT INTO `debilidad` VALUES(129, 'Puede caer en la mentira', 20);
INSERT INTO `debilidad` VALUES(130, 'Puede tener mucha tendencia sexual.', 20);
INSERT INTO `debilidad` VALUES(131, 'Puede resultar con temperamento fuerte.', 20);

-- --------------------------------------------------------

--
-- Estructura de tabla para la tabla `edicion`
--

CREATE TABLE `edicion` (
  `id` int(11) NOT NULL,
  `username` varchar(35) NOT NULL,
  `idHechoHistorico` int(11) NOT NULL,
  `fecha` date NOT NULL,
  `creacion` tinyint(1) NOT NULL
) ENGINE=InnoDB DEFAULT CHARSET=utf8;

--
-- Volcado de datos para la tabla `edicion`
--

INSERT INTO `edicion` VALUES(12, 'admin', 18, '2021-03-07', 1);

-- --------------------------------------------------------

--
-- Estructura de tabla para la tabla `energia`
--

CREATE TABLE `energia` (
  `id` int(11) NOT NULL,
  `nombre` varchar(15) NOT NULL,
  `idImagen` int(11) DEFAULT NULL,
  `dirWeb` varchar(55) DEFAULT NULL
) ENGINE=InnoDB DEFAULT CHARSET=utf8;

--
-- Volcado de datos para la tabla `energia`
--

INSERT INTO `energia` VALUES(1, 'HUN', NULL, './com/imagenesNumerosMayas/numero1.jpg');
INSERT INTO `energia` VALUES(2, 'KA', NULL, './com/imagenesNumerosMayas/numero2.jpg');
INSERT INTO `energia` VALUES(3, 'OX', NULL, './com/imagenesNumerosMayas/numero3.jpg');
INSERT INTO `energia` VALUES(4, 'KAN', NULL, './com/imagenesNumerosMayas/numero4.jpg');
INSERT INTO `energia` VALUES(5, 'HO', NULL, './com/imagenesNumerosMayas/numero5.jpg');
INSERT INTO `energia` VALUES(6, 'UAK', NULL, './com/imagenesNumerosMayas/numero6.jpg');
INSERT INTO `energia` VALUES(7, 'UUK', NULL, './com/imagenesNumerosMayas/numero7.jpg');
INSERT INTO `energia` VALUES(8, 'UAXAC', NULL, './com/imagenesNumerosMayas/numero8.jpg');
INSERT INTO `energia` VALUES(9, 'BOLON', NULL, './com/imagenesNumerosMayas/numero9.jpg');
INSERT INTO `energia` VALUES(10, 'LAHUN', NULL, './com/imagenesNumerosMayas/numero10.jpg');
INSERT INTO `energia` VALUES(11, 'BULUC', NULL, './com/imagenesNumerosMayas/numero11.jpg');
INSERT INTO `energia` VALUES(12, 'LAHAT', NULL, './com/imagenesNumerosMayas/numero12.jpg');
INSERT INTO `energia` VALUES(13, 'OXLAHUN', NULL, './com/imagenesNumerosMayas/numero13.jpg');

-- --------------------------------------------------------

--
-- Estructura de tabla para la tabla `fortaleza`
--

CREATE TABLE `fortaleza` (
  `id` int(11) NOT NULL,
  `fortaleza` varchar(150) NOT NULL,
  `idNahual` int(11) NOT NULL
) ENGINE=InnoDB DEFAULT CHARSET=utf8mb4;

--
-- Volcado de datos para la tabla `fortaleza`
--

INSERT INTO `fortaleza` VALUES(65, 'Inteligente, astuto', 1);
INSERT INTO `fortaleza` VALUES(66, 'Amable', 1);
INSERT INTO `fortaleza` VALUES(67, 'Reservado', 1);
INSERT INTO `fortaleza` VALUES(68, 'Suelen imitar lo que ven', 1);
INSERT INTO `fortaleza` VALUES(69, 'Tienen buenas se├▒ales', 1);
INSERT INTO `fortaleza` VALUES(70, 'Adinerados (Ricos)', 1);
INSERT INTO `fortaleza` VALUES(71, 'Maestros de todas las artes', 1);
INSERT INTO `fortaleza` VALUES(72, 'Es amable y trabajador', 2);
INSERT INTO `fortaleza` VALUES(73, 'Es guia y consejero', 2);
INSERT INTO `fortaleza` VALUES(74, 'Es cari├▒oso y alegre', 2);
INSERT INTO `fortaleza` VALUES(75, 'Es viajero y puede ser comerciante', 2);
INSERT INTO `fortaleza` VALUES(76, 'Afortunado, decidido, comprensivo', 2);
INSERT INTO `fortaleza` VALUES(77, 'Cuidadoso con las cosas', 2);
INSERT INTO `fortaleza` VALUES(78, 'Autoridad', 3);
INSERT INTO `fortaleza` VALUES(79, 'Inteligente', 3);
INSERT INTO `fortaleza` VALUES(80, 'Estricto', 3);
INSERT INTO `fortaleza` VALUES(81, 'Es respetado por sus amigos', 3);
INSERT INTO `fortaleza` VALUES(82, 'Principios solidos en el terreno moral y etico', 3);
INSERT INTO `fortaleza` VALUES(83, 'Atraido por la religi├│n o los estudios filosoficos y teologicos', 3);
INSERT INTO `fortaleza` VALUES(84, 'Trabajador', 3);
INSERT INTO `fortaleza` VALUES(85, 'Bromista', 3);
INSERT INTO `fortaleza` VALUES(86, 'Es paciente, fuerte, responsable, valiente, respetuoso, vigoroso y atrevido', 4);
INSERT INTO `fortaleza` VALUES(87, 'Es decisivo y realista', 4);
INSERT INTO `fortaleza` VALUES(88, 'Es de buen corazon', 4);
INSERT INTO `fortaleza` VALUES(89, 'Buen padre de familia', 4);
INSERT INTO `fortaleza` VALUES(90, 'Puede ser lider y famoso si sabe encauzar sus energias', 4);
INSERT INTO `fortaleza` VALUES(91, 'Es bueno para el negocio', 5);
INSERT INTO `fortaleza` VALUES(92, 'Es mensajero, paciente y amable', 5);
INSERT INTO `fortaleza` VALUES(93, 'De buen temperamento', 5);
INSERT INTO `fortaleza` VALUES(94, 'Tiene habilidad para el analisis y es buen observador', 5);
INSERT INTO `fortaleza` VALUES(95, 'Desarrolla mejor su inteligencia', 5);
INSERT INTO `fortaleza` VALUES(96, 'Puede tener dotes para la prediccion de las cosas', 5);
INSERT INTO `fortaleza` VALUES(97, 'Puede ser afortunado en lo material', 5);
INSERT INTO `fortaleza` VALUES(98, 'Puede tener bien desarrollado la parte espiritual', 5);
INSERT INTO `fortaleza` VALUES(99, 'Posee sabiduria, inteligencia', 6);
INSERT INTO `fortaleza` VALUES(100, 'Buena memoria', 6);
INSERT INTO `fortaleza` VALUES(101, 'Muy valiente', 6);
INSERT INTO `fortaleza` VALUES(102, 'Se les facilita el dialogo', 6);
INSERT INTO `fortaleza` VALUES(103, 'Prudente, discreto', 6);
INSERT INTO `fortaleza` VALUES(104, 'Buenos maestros y consejeros', 6);
INSERT INTO `fortaleza` VALUES(105, 'Muy sociable', 6);
INSERT INTO `fortaleza` VALUES(106, 'Es profundo', 6);
INSERT INTO `fortaleza` VALUES(107, 'Es serio', 6);
INSERT INTO `fortaleza` VALUES(108, 'Realista', 6);
INSERT INTO `fortaleza` VALUES(109, 'Predicador', 6);
INSERT INTO `fortaleza` VALUES(110, 'Comunicativo', 6);
INSERT INTO `fortaleza` VALUES(111, 'Es poseedor de muchos conocimientos', 7);
INSERT INTO `fortaleza` VALUES(112, 'Es inteligente y es consejero', 7);
INSERT INTO `fortaleza` VALUES(113, 'Puede llegar a ser cientifico', 7);
INSERT INTO `fortaleza` VALUES(114, 'Es ordenado y creativo', 7);
INSERT INTO `fortaleza` VALUES(115, 'Es justo y humanista', 7);
INSERT INTO `fortaleza` VALUES(116, 'Es buen estudiante', 7);
INSERT INTO `fortaleza` VALUES(117, 'Puede llegar a ser buen lider', 7);
INSERT INTO `fortaleza` VALUES(118, 'Es protector de la justicia', 8);
INSERT INTO `fortaleza` VALUES(119, 'Es fuerte y servicial', 8);
INSERT INTO `fortaleza` VALUES(120, 'Es incansable por lo que quiere lograr', 8);
INSERT INTO `fortaleza` VALUES(121, 'Puede llegar a ser guia espiritual', 8);
INSERT INTO `fortaleza` VALUES(122, 'Posee la habilidad para arreglar fracturas en los huesos', 8);
INSERT INTO `fortaleza` VALUES(123, 'Se puede defender muy bien ante cualquier problema', 8);
INSERT INTO `fortaleza` VALUES(124, 'Es equilibrado y cari├▒oso', 9);
INSERT INTO `fortaleza` VALUES(125, 'Vive y trabaja por su familia', 9);
INSERT INTO `fortaleza` VALUES(126, 'Si es mujer puede ser comadrona', 9);
INSERT INTO `fortaleza` VALUES(127, 'puede llegar a ser guia espiritual', 9);
INSERT INTO `fortaleza` VALUES(128, 'Es buen comunicador y expositor', 9);
INSERT INTO `fortaleza` VALUES(129, 'Puede desarrollar mejor la inteligencia', 10);
INSERT INTO `fortaleza` VALUES(130, 'Puede tener dotes de artista', 10);
INSERT INTO `fortaleza` VALUES(131, 'Es alegre', 10);
INSERT INTO `fortaleza` VALUES(132, 'Se defiende muy bien', 10);
INSERT INTO `fortaleza` VALUES(133, 'Puede llegar a ser guia espiritual', 10);
INSERT INTO `fortaleza` VALUES(134, 'Es bueno para la caceria', 10);
INSERT INTO `fortaleza` VALUES(135, 'Puede desarrollar la clarividencia', 11);
INSERT INTO `fortaleza` VALUES(136, 'Puede captar los mensajes y se├▒ales de la naturaleza', 11);
INSERT INTO `fortaleza` VALUES(137, 'Puede desarrollar con mayor grado su hemisferio izquierdo', 11);
INSERT INTO `fortaleza` VALUES(138, 'Puede tener buenas iniciativas', 11);
INSERT INTO `fortaleza` VALUES(139, 'Puede adaptarse a cualquier situacion', 12);
INSERT INTO `fortaleza` VALUES(140, 'Posee fuerza fisica', 12);
INSERT INTO `fortaleza` VALUES(141, 'Es so├▒ador e imaginativo', 12);
INSERT INTO `fortaleza` VALUES(142, 'Puede tener ideas futuristas', 12);
INSERT INTO `fortaleza` VALUES(143, 'No asusta casi nada', 12);
INSERT INTO `fortaleza` VALUES(144, 'Es madrugador, alegre y sereno', 13);
INSERT INTO `fortaleza` VALUES(145, 'Puede tener buen caracter', 13);
INSERT INTO `fortaleza` VALUES(146, 'Puede tener dotes para tratar enfermedades', 13);
INSERT INTO `fortaleza` VALUES(147, 'Puede ser guia espiritual', 13);
INSERT INTO `fortaleza` VALUES(148, 'Son fuertes, dinamicos y astutos', 13);
INSERT INTO `fortaleza` VALUES(149, 'Puede tener seguridad mental y fisica', 13);
INSERT INTO `fortaleza` VALUES(150, 'Persona sincera y ordenada.', 14);
INSERT INTO `fortaleza` VALUES(151, 'Puede ser l├¡der.', 14);
INSERT INTO `fortaleza` VALUES(152, 'Puede ser una persona muy afortunada en lo econ├│mico.', 14);
INSERT INTO `fortaleza` VALUES(153, 'Puede ser Gu├¡a Espiritual.', 14);
INSERT INTO `fortaleza` VALUES(154, 'Persona muy activa y curiosa.', 14);
INSERT INTO `fortaleza` VALUES(155, 'Puede recordar las cosas facilidad.', 14);
INSERT INTO `fortaleza` VALUES(156, 'Puede ser muy tajante en su decisi├│n.', 14);
INSERT INTO `fortaleza` VALUES(157, 'Persona con mucho conocimiento.', 15);
INSERT INTO `fortaleza` VALUES(158, 'Puede tener mucha habilidad para la intuici├│n.', 15);
INSERT INTO `fortaleza` VALUES(159, 'Muy inteligente.', 15);
INSERT INTO `fortaleza` VALUES(160, 'Practica la sinceridad y la justicia.', 15);
INSERT INTO `fortaleza` VALUES(161, 'Puede llegar a ser l├¡der.', 15);
INSERT INTO `fortaleza` VALUES(162, 'Puede tener habilidad para los pron├│sticos y la clarividencia.', 15);
INSERT INTO `fortaleza` VALUES(163, 'Puede ser Gu├¡a Espiritual.', 15);
INSERT INTO `fortaleza` VALUES(164, 'Es humilde.', 15);
INSERT INTO `fortaleza` VALUES(165, 'Puede ser m├®dico.', 16);
INSERT INTO `fortaleza` VALUES(166, 'Es fuerte ante sus enemigos.', 16);
INSERT INTO `fortaleza` VALUES(167, 'Es inteligente, respetuoso y seguro.', 16);
INSERT INTO `fortaleza` VALUES(168, 'Puede controlarse.', 16);
INSERT INTO `fortaleza` VALUES(169, 'Puede desarrollar habilidades para la clarividencia.', 16);
INSERT INTO `fortaleza` VALUES(170, 'Buenos defensores', 17);
INSERT INTO `fortaleza` VALUES(171, 'Poseen riquezas', 17);
INSERT INTO `fortaleza` VALUES(172, 'Gozan de buena salud', 17);
INSERT INTO `fortaleza` VALUES(173, 'Son buenos gu├¡as espirituales', 17);
INSERT INTO `fortaleza` VALUES(174, 'Son muy sociables', 17);
INSERT INTO `fortaleza` VALUES(175, 'Son fuertes, inteligentes, responsables, positivos y triunfadores.', 17);
INSERT INTO `fortaleza` VALUES(176, 'En el matrimonio son muy equilibrados', 17);
INSERT INTO `fortaleza` VALUES(177, 'Afortunados en las siembras o crianza de animales', 18);
INSERT INTO `fortaleza` VALUES(178, 'Muy f├®rtiles en tener hijos', 18);
INSERT INTO `fortaleza` VALUES(179, 'Son buenos comerciantes', 18);
INSERT INTO `fortaleza` VALUES(180, 'suelen tener Signos de intensa energ├¡a en su cuerpo', 18);
INSERT INTO `fortaleza` VALUES(181, 'Extremadamente inteligentes', 18);
INSERT INTO `fortaleza` VALUES(182, 'Les gusta hablar, debatir, leer, escribir', 18);
INSERT INTO `fortaleza` VALUES(183, 'Aficionados al ejercicio f├¡sico o la danza', 18);
INSERT INTO `fortaleza` VALUES(184, 'Mente compleja', 18);
INSERT INTO `fortaleza` VALUES(185, 'Se interesan de detalles', 18);
INSERT INTO `fortaleza` VALUES(186, 'De grandes virtudes.', 19);
INSERT INTO `fortaleza` VALUES(187, 'Es creativo, comunicativo y din├ímico.', 19);
INSERT INTO `fortaleza` VALUES(188, 'Practica la sinceridad.', 19);
INSERT INTO `fortaleza` VALUES(189, 'Es analista, imaginativo e intuitivo.', 19);
INSERT INTO `fortaleza` VALUES(190, 'De car├ícter abierta.', 19);
INSERT INTO `fortaleza` VALUES(191, 'Es rom├íntico.', 19);
INSERT INTO `fortaleza` VALUES(192, 'Atento, valiente, respetado, justo.', 20);
INSERT INTO `fortaleza` VALUES(193, 'Es defensor de otras personas.', 20);
INSERT INTO `fortaleza` VALUES(194, 'Es cordial.', 20);
INSERT INTO `fortaleza` VALUES(195, 'Logra lo que busca.', 20);
INSERT INTO `fortaleza` VALUES(196, 'Buen investigador y presiente las cosas o actos.', 20);
INSERT INTO `fortaleza` VALUES(197, 'Enamorado.', 20);
INSERT INTO `fortaleza` VALUES(198, 'Es el d├¡a de los abogados', 20);

-- --------------------------------------------------------

--
-- Estructura de tabla para la tabla `hechohistorico`
--

CREATE TABLE `hechohistorico` (
  `id` int(11) NOT NULL,
  `fechaInicio` date NOT NULL,
  `fechaFinalizacion` date NOT NULL,
  `titulo` varchar(150) DEFAULT NULL,
  `descripcion` varchar(5000) DEFAULT NULL
) ENGINE=InnoDB DEFAULT CHARSET=utf8;

--
-- Volcado de datos para la tabla `hechohistorico`
--

INSERT INTO `hechohistorico` VALUES(1, '1007-04-15', '1007-05-15', 'Fundación de la aldea Uxmal', 'Al sur de Yucatán emerge con espectacularidad la zona arqueológica de Uxmal, declarada por la UNESCO Patrimonio de la Humanidad. Es una de las zonas arqueológicas de la cultura maya cuya arquitectura es de las más majestuosas de Yucatán. Su belleza se caracteriza por tener palacios bajos y horizontales, colocados alrededor de patios o cuadrángulos, los cuales son ricos en decorados de esculturas muy detalladas elaborados con miles de pequeñas piedras perfectamente pulidas y ajustadas formando mosaicos geométricos de una perfección no igualada en toda la zona maya.');
INSERT INTO `hechohistorico` VALUES(2, '1027-05-02', '1027-05-03', 'Comienza la Liga de Mayapán', 'Con el nombre de Liga de Mayapán se designa una legendaria alianza de estados mayas del período posclásico mesoamericano. La alianza es mencionada por varias crónicas mayas que fueron escritas en los tiempos de la colonia española. Según estas crónicas, la Liga de Mayapán habría surgido de un acuerdo de paz entre los estados mayas centrados en Uxmal, Chichén Itzá y Mayapán.');
INSERT INTO `hechohistorico` VALUES(3, '1194-11-22', '1194-11-23', 'Complot de Hunac Ceel', 'Hunac Ceel Cauich (siglo XII d.C. ​) Jefe de los mayas cocomes de Mayapán. Hunac significa \"el grande o por excelencia\", \"Ceel\" apócope de \"ceelem\" que significa \"joven hermoso\", es decir \"el que es joven y hermoso por excelencia\". Cauich es un apódo o \"coco kaba\" , \"Ca\" significa \"doble\", \"uich\" significa \"cara\", es decir \"el de dos caras\".');
INSERT INTO `hechohistorico` VALUES(6, '2900-02-01', '2901-02-01', 'evento7', 'zxcv');

-- --------------------------------------------------------

--
-- Estructura de tabla para la tabla `informacion`
--

CREATE TABLE `informacion` (
  `id` int(11) NOT NULL,
  `titulo` varchar(50) NOT NULL,
  `descripcionEscritorio` varchar(5000) DEFAULT NULL,
  `descripcionWeb` varchar(5000) DEFAULT NULL
) ENGINE=InnoDB DEFAULT CHARSET=utf8;

--
-- Volcado de datos para la tabla `informacion`
--

INSERT INTO `informacion` VALUES(1, 'inf_haab_escritorio', 'El Haab, es el más similar al calendario que utilizamos en la actualidad con 365 días en su recuento que se basa en observaciones solares. Este calendario, según los expertos, se estima que se utilizó por primera vez alrededor del solsticio de invierno de 550 ANE y fue creado para ser utilizado en conjunto con el Tzolkin.', NULL);
INSERT INTO `informacion` VALUES(2, 'inf_kin_haab_escritorio', 'El Kin es el equivalente a los días del mes, pero en lugar de 30 o 31 días, se necesitan 20 para formar un uinal (mes maya). Cada uno cuenta con su representación en jeroglífico junto con su nombre individual que no es el nombre de un número regular.', NULL);
INSERT INTO `informacion` VALUES(3, 'inf_uinal_haab_escritorio', 'El uinal se puede ver como el equivalente a nuestros meses ya que constan de 20 días, pero en lugar de 12 de ellos, el calendario Haab Maya cuenta con 18 de ellos. Los uinales, a parte de contar el tiempo se utilizaban para realizar ciertas actividades.', NULL);

-- --------------------------------------------------------

--
-- Estructura de tabla para la tabla `nahual`
--

CREATE TABLE `nahual` (
  `id` int(11) NOT NULL,
  `nombre` varchar(35) DEFAULT NULL,
  `fechaInicio` date NOT NULL,
  `fechaFinalizacion` date NOT NULL,
  `idImagen` int(11) DEFAULT NULL,
  `significado` varchar(100) DEFAULT NULL,
  `descripcion` varchar(5000) DEFAULT NULL,
  `nombreSp` varchar(35) DEFAULT NULL,
  `nombreYucateco` varchar(35) DEFAULT NULL
) ENGINE=InnoDB DEFAULT CHARSET=utf8;

--
-- Volcado de datos para la tabla `nahual`
--

INSERT INTO `nahual` VALUES(1, 'B\'atz', '0001-01-01', '0001-01-01', 1, 'HILO, EL D├ìA DEL PRINCIPIO DE LA ENERG├ìA, DEL TIEMPO Y DEL ESPACIO.', 'El s├¡mbolo del hombre y de la humanidad, de la realizaci├│n del hombre. S├¡mbolo de continuidad con el pasado, como se ha englobado dentro del ritual. ÔÇ£Un buen d├¡a, de la perpetraci├│n de las ceremonias y costumbres de nuestros antepasados. Es el d├¡a en que se realiza aquella parte del matrimonio en que se pide la novia, y el casamiento cuarenta d├¡as despu├®s, en un d├¡a BÔÇÖatzÔÇÖ con un n├║mero m├ís alto. En 8 BÔÇÖatzÔÇÖ se presenta p├║blicamente el aprendiz de sacerdote maya, y cuarenta d├¡as despu├®s se realiza el agradecimiento. Simboliza el tiempo. Nuestros antepasados, los mayas representaron el tiempo imagin├índolo como un hilo enrollado a un carrizo que se encuentra debajo de la tierra. Este hilo se va desenrollando a medida que el tiempo pasa. La historia se teje con el tiempo, as├¡ como el hilo teje los vestidos. El ciclo Nuevo Maya, WajxaqibÔÇÖ BÔÇÖatzÔÇÖ, en la ceremonia se ameniza con marimba y se baila alrededor del fuego. El BÔÇÖatzÔÇÖ amarra y desata. Se le dice BÔÇÖatzÔÇÖ porque gira. Y es el talento del ser humano.', 'Mono', 'Chuwen');
INSERT INTO `nahual` VALUES(2, 'E', '0001-01-01', '0001-01-01', 2, 'CAMINO, EL D├ìA DEL CAMINO SAGRADO, EL D├ìA DE LA ACCI├ôN.', 'Simboliza el camino y el destino. Es el gu├¡a. Es el que nos lleva a un punto fijo. Uno de los Cargadores del Tiempo. Es la protecci├│n de los viajeros y caminantes. Conduce la vida espiritual y material. Es el que hace posible la realizaci├│n humana en todos los ├│rdenes y en todas las manifestaciones. Pero tambi├®n puede simbolizar los obst├ículos con que los seres humanos se tropiezan en la continua b├║squeda de esa realizaci├│n. Es un d├¡a bueno para desplazarse en cualquier lugar. En caso de peligro, el Ajaw E es el que da la protecci├│n. Tambi├®n es d├¡a bueno para agradecer el bienestar f├¡sico, la vida misma de las personas y el trabajo. Es un d├¡a muy sagrado. Por esta raz├│n, se puede pedir su protecci├│n, como dice el Popol Wuj ÔÇ£que no se caigan en la bajada ni en la subida del camino. Que no encuentren obst├ículos ni detr├ís ni delante de ellos, ni cosa que los golpee. Conc├®deles buenos caminos, hermosos caminos planosÔÇªÔÇØ. Es el viaje, la traves├¡a y el trayecto. Se ofrecen ceremonias o invocaciones para que limpie el camino de los peligros y de los accidentes.', 'Camino', 'Eb\'');
INSERT INTO `nahual` VALUES(3, 'Aj', '0001-01-01', '0001-01-01', 3, 'CA├æA Y MILPA ES El D├ìA DE LA ABUNDANCIA Y LA MULTIPLICACI├ôN.', 'Simboliza ca├▒a veral y milpa. Todo lo que se relaciona al hogar y la familia. Es el s├¡mbolo que dej├│ Jun Ajpu IxbÔÇÖalamkej de su vida, cuando sembr├│ la ca├▒a en medio del patio de la casa de la abuela Ixmukane. Aj es s├¡mbolo de la resurrecci├│n de Jun Ajpu e IxbÔÇÖalamkej, quienes no murieron en manos de los se├▒ores de XibÔÇÖalbÔÇÖa. Es el triunfo del bien sobre el mal. Es el destino representado por el Nawal o los Nawales. 8 Aj es el d├¡a en el cual se establece el destino de uno, para llamarlo y reconocerlo. tambi├®n es elote, ma├¡z tierno. D├¡a relacionado con todo lo que concierne a los ni├▒os. Es d├¡a bueno y sobre todo para rezar por las criaturas. Tambi├®n es el d├¡a de la enfermedad debilidad en el tejido ├│seo, pero de mucha energ├¡a espiritual. Es el hogar, la casa, todo lo que se relaciona con la casa. Los que nacen en Aj pueden ser sacerdotes mayas.', 'Hogar', 'B\'en');
INSERT INTO `nahual` VALUES(4, 'I\'x', '0001-01-01', '0001-01-01', 4, 'MUJER Y JAGUAR, EL DIA DE LA MADRE TIERRA, LA MADRE NATURALEZA Y LA LUNA.', 'Es el s├¡mbolo y energ├¡a de la Madre Tierra. Representa los lugares o centros ceremoniales donde se llevan a cabo las ceremonias. Son los cerros, las monta├▒as, las planicies. Significa Jaguar. Representa el altar maya o sea el tabÔÇÖal. Es un d├¡a especial para pedir la vida de los animales tanto dom├®sticos como salvajes. Se le pide a Ajaw una buena cosecha de cualquier cultivo, en especial el de las verduras. En este d├¡a se encienden candelas de color verde, ya que simbolizan el color de la Madre Tierra. Representa el altar maya o sea el tabÔÇÖal. Es un d├¡a especial para pedir la vida de los animales tanto dom├®sticos como salvajes. Se le pide a Ajaw una buena cosecha de cualquier cultivo, en especial el de las verduras. En este d├¡a se encienden candelas de color verde, ya que simbolizan el color de la Madre Tierra.', 'Madre Tierra', 'Ix');
INSERT INTO `nahual` VALUES(5, 'Tz\'ikin', '0001-01-01', '0001-01-01', 5, 'AGUILA, El D├ìA DE LA RIQUEZA Y LA BUENA FORTUNA, EL D├ìA DE LA VISI├ôN.', 'Significa p├íjaro. Es el s├¡mbolo de la suerte, la fortuna y los bienes materiales. Tambi├®n es s├¡mbolo de libertad y es el nawal de las aves. Simboliza el p├íjaro sagrado QÔÇÖuqÔÇÖumatz. Este d├¡a es propicio para pedir por la abundancia de los bienes como el dinero. Se quema el ajonjol├¡ y el chocolate como ofrendas a Ajaw. Se encienden candelas de colmena pura y se le pide a Ajaw un buen negocio. TzÔÇÖikin significa p├íjaro y simboliza la intermediaci├│n entre los seres humanos y Ajaw, representado por todo lo que hay en el espacio: el aire, las nubes, el fr├¡o y el calor. Son fuerzas invisibles, pero que El Coraz├│n del Cielo y El Coraz├│n de la Tierra las ha puesto a nuestro servicio y protecci├│n. Tambi├®n es un d├¡a de desarrollo espiritual y, por tanto, de la plena realizaci├│n humana. Es el d├¡a para agradecer los bienes materiales principalmente lo relacionado a dinero. Sin embargo, al no agradecer estos favores tambi├®n puede traer la miseria.', 'Pajaro', 'Men');
INSERT INTO `nahual` VALUES(6, 'Ajmaq', '0001-01-01', '0001-01-01', 6, 'PECADO, ES EL D├ìA PARA DAR Y PEDIR PERD├ôN POR TODOS LOS PECADOS ANTE EL AJAW.', 'Esta palabra significa pecador en KÔÇÖicheÔÇÖ. Es el d├¡a de los pecadores. Este d├¡a se dedica a pedir perd├│n por los pecados y por los pecadores. Es el d├¡a dedicado a los difuntos. El pecado es una columna de humo que nos oculta delante de la presencia de Dios. Nuestros antepasados dijieron: ÔÇ£que el pecado es la ofensa que se hace directamente a Dios. No creer, no servir, no alabar al Coraz├│n del Cielo, al coraz├│n de la Tierra. Mak es ofensa a Dios y WuqubÔÇÖ qakÔÇÖix es ofensa al pr├│jimoÔÇØ Es el d├¡a de los que no podemos ver, el d├¡a de los difuntos. El d├¡a de la fortaleza que nos da la historia de nuestro pasado. Tambi├®n es el d├¡a del castigo cuando no estamos actuando en concordancia con las ense├▒anzas que ellos nos legaron. Es el d├¡a del enojo de los difuntos. (BEA) ÔÇ£Ajmaq no es un mal d├¡a. Es un d├¡a para pedir perd├│n por los pecados. Son los d├¡as en los cuales se reza por protecci├│n, ya que de estos d├¡as puede venirle a uno, da├▒o por sus pecados o sus malos pensamientos. es la muerte en casa, la muerte natural por enfermedad, la muerte tranquila. En ese d├¡a se habla con los difuntos, es para pedir perd├│n en el caso de los pecadores.', 'Pecador', 'K\'iB\'');
INSERT INTO `nahual` VALUES(7, 'No\'j', '0001-01-01', '0001-01-01', 7, 'SABIDUR├ìA, ES EL D├ìA DEL CONOCIMIENTO Y LA INTELEGNECIA, EL D├ìA DE LA CIENCIA.', 'Es la sabidur├¡a y el conocimiento. Es el nawal de la inteligencia. Es el buen consejo, seg├║n los abuelos y abuelas. Es la sabidur├¡a que viene del Formador y Creador. Tambi├®n es uno de los Cargadores del Tiempo. D├¡a propicio para agradecer el conocimiento y pedir buenos pensamientos. El que nace bajo la influencia del NoÔÇÖj ser├í inteligente, activo y tendr├í buenos pensamientos, siempre y cuando sepa manejar las energ├¡as del d├¡a. Significa tambi├®n idea y sabidur├¡a. Seg├║n los mayas ning├║n hombre es sabio. Por eso, el hombre, para recibir ideas y consejos, debe consultar al Ajaw por medio del ÔÇ£xukulemÔÇØ o la ceremonia maya. Tambi├®n puede realizar dichas consultas por medio del tzÔÇÖiteÔÇÖ, mediante la intermediaci├│n del AjqÔÇÖij, para recibir los consejos de los abuelos y abuelas. Dentro de la espiritualidad maya, el hombre tiene ideas pero no sabidur├¡a. Por eso, es importante juntarse en consejo para unir ideas y formar as├¡ una ciencia. Nuestros antepasados se reun├¡an en consejo bajo la protecci├│n del NoÔÇÖj. es el d├¡a de la sabidur├¡a. Es el d├¡a para tomar decisiones de manera particular o en consejo. Es un d├¡a que propicia la planificaci├│n de alg├║n proyecto y de los lineamientos a seguir en la conducci├│n de la comunidad y de la sociedad en general. Tambi├®n es el d├¡a en que nuestro pensamiento puede tener mayor fluidez.', 'Sabiduria', 'Kab\'an');
INSERT INTO `nahual` VALUES(8, 'Tijax', '0001-01-01', '0001-01-01', 8, 'CUCHILLO DE DOBLE FILO, EL D├ìA QUE CORTA TODO LO NEGATIVO.', 'Significa piedra y obsidiana. Es el s├¡mbolo del pedernal. Es la energ├¡a de la persona que cura en la cultura maya. Es el poder del trueno y el rayo. La persona que nace bajo la influencia de este d├¡a, puede ser un gran curandero o m├®dico con mucha energ├¡a en las manos. Es ajqÔÇÖ├¡j, cura enfermedades f├¡sicas y psicol├│gicas. Puede arreglar fracturas de los huesos. Una de las influencias negativas del d├¡a es que puede causar alg├║n sufrimiento o malestar. Seg├║n los AjqÔÇÖijabÔÇÖ, es un d├¡a que ÔÇ£comeÔÇØ. Para no ser alcanzado por estas influencias negativas debe hacerse alguna ofrenda y solicitar la intermediaci├│n del Gu├¡a Espiritual. Es un d├¡a que puede evitar la humillaci├│n y la ruina a causa de algo o alguien. Es un d├¡a de protecci├│n. Los que nacen es este d├¡a pueden llegar a ser col├®ricos y pueden destruir espiritual o emocionalmente a alguien. A veces, nadie les aguanta y resulta dif├¡cil comprenderlos.', 'Piedra', 'Etz\'nab\'');
INSERT INTO `nahual` VALUES(9, 'Kawoq', '0001-01-01', '0001-01-01', 9, 'RAYO DIVINO, EL D├ìA DE LA ABUNDANCIA PARA LA FAMILIA.', 'Es el nawal de la mujer como comadrona. Es el d├¡a de la Vara Espiritual, le Pisom QÔÇÖaqÔÇÖal. Es el rel├ímpago. Es la dualidad del fuego sagrado en funci├│n de la espiritualidad maya. Es el d├¡a de la comunidad, de la familia, del grupo y de la sociedad. Es la energ├¡a que facilita las lluvias para darnos buenas cosechas, principalmente la del ma├¡z. Proporciona capacidad y habilidad para curar y orientar. Es la energ├¡a que fortalece a las Gu├¡as Espirituales. Mantiene la energ├¡a y la fertilidad. Es un d├¡a de mucha relaci├│n con la Madre Tierra y los elementos al proveer sabidur├¡a para el manejo de las plantas medicinales. Facilita la unidad y el cuidado de la familia. Es el d├¡a de la mujer como esposa y madre que calienta el seno del hogar. Tambi├®n es un d├¡a especial para la plena realizaci├│n de la mujer en la comunidad y en la sociedad.', 'Relampago', 'Kawak');
INSERT INTO `nahual` VALUES(10, 'Ajpu\'', '0001-01-01', '0001-01-01', 10, 'GUERRERO, ES EL D├ìA DEL GRAN AJAW, EL D├ìA DEL SE├æOR, EL D├ìA DEL L├ìDER.', 'Es la luz y es la representaci├│n del Abuelo Sol. Significa cerbatanero, cazador, tirador y caminante. Es el d├¡a de la fuerza corporal y del triunfo del bien sobre los obst├ículos. Es la representaci├│n del triunfo de Jun Ajpu e Ixbalamke sobre los se├▒ores de XibÔÇÖalbÔÇÖa. Esta se├▒al le fue dada a la abuela Ixmukane cuando reto├▒├│ el ca├▒averal que sembraron los dos muchachos en el patio de la casa. Es el d├¡a del gran Ajaw, el padre y su representaci├│n solar, el d├¡a de la grandeza, de la fuerza de la vida. Es el que trae luz y claridad a los seres humanos y sobre toda la humanidad. Es la fuerza regenerativa, el ciclo de la vida. La facultad para tener a toda la galaxia. Rige los eclipses lunares y solares. Es el momento de servir a los dem├ís.', 'Luz', 'Ajaw');
INSERT INTO `nahual` VALUES(11, 'Imox', '0001-01-01', '0001-01-01', 11, 'IZQUIERDA, ES EL D├ìA DEL AGUA, DEL CAMBIO Y DEL PODER ESP├ìRITUAL SOBRENATURAL.', 'S├¡mbolo de las fuerzas ocultas del universo manifestadas en demencia. ÔÇ£ImoxÔÇØ es el nombre de todas las cosas secretas. En general, es un d├¡a de influencias negativas. Es un d├¡a peligroso. Es s├¡mbolo del hemisferio izquierdo, la parte sutil de los seres humanos, es la sensibilidad. Es la esencia de nuestra conciencia y de nuestra mente. Es el nawal o esp├¡ritu del agua. Genera movimiento pero, tambi├®n, descontrol emocional. Es un d├¡a con influencias negativas y los que nacen en este d├¡a pueden convertirse en busca pleitos. Por eso, el d├¡a es propicio para las ceremonias de limpieza emocional. Significa idiotez y locura. Es un d├¡a especial para pedir la abundancia de agua. D├¡a para invocar por los r├¡os y nacimientos de agua para que no se sequen. Su trabajo es ayudar al hemisferio derecho del cerebro a realizar un mejor trabajo y a tomar una buena actitud. Es el d├¡a de la perturbaci├│n mental o de la equivocaci├│n. No es indicado para tomar decisiones. Es el d├¡a en que se puede implorar y limpiar las perturbaciones provocadas por el enemigo en todos los ├│rdenes de la vida.', 'Pez', 'Imix\'');
INSERT INTO `nahual` VALUES(12, 'Iq\'', '0001-01-01', '0001-01-01', 12, 'LUNA EL D├ìA DEL AIRE CRISTALINO Y DEL OX├ìGENO.', 'Es el viento y la vida. Es nawal de la lluvia. Es el d├¡a del Coraz├│n del Cielo y Coraz├│n de la Tierra. Es el aire y el soplo sagrado que da fuerza y vida. En este d├¡a se le pide al viento que se lleve los sufrimientos o las enfermedades de la persona. Significa aire y aliento de vida. Tambi├®n, es el nawal de Junraqan (Hurac├ín) convertido en tornado. Es uno de los Cargadores del Tiempo. Es, tambi├®n, la respiraci├│n de la persona. Es el soplo sagrado, suave y apacible purificador del cuerpo, de la mente, del esp├¡ritu y de las emociones. Es el espacio invisible existente entre la materia. Es uno de los elementos que produce los fen├│menos naturales. El ni├▒o que nace en IqÔÇÖ es un ni├▒o que hace de todo pero no llega a nada. Es como el aire que toca y arrastra todo lo que encuentra en su camino. Puede construir pero tambi├®n destruye.', 'Viento', 'Ik\'');
INSERT INTO `nahual` VALUES(13, 'Aq\'ab\'al', '0001-01-01', '0001-01-01', 13, 'D├ìA Y NOCHE, EL D├ìA DEL KIEB┬┤AWIL (POLARIDAD), EL D├ìA DE LA BENDICI├ôN.', 'Es el s├¡mbolo de la mano y de la aurora formada por los primeros rayos del sol que se asoman sobre las monta├▒as para disipar las tinieblas y la oscuridad de la noche. Significa amanecer, aurora, luz, claridad, nuevo d├¡a. Es la renovaci├│n de energ├¡a. Es la llegada de la luz, del crep├║sculo, la luz que se asoma detr├ís de los cerros y monta├▒as. Es el d├¡a del amanecer, del futuro promisorio que esperamos cada d├¡a, los mejores d├¡as para nuestro pueblo y para cada persona en particular.', 'Amanacer', 'Ak\'b\'al');
INSERT INTO `nahual` VALUES(14, 'K\'at', '0001-01-01', '0001-01-01', 14, 'RED, EL DIA DE AGRUPAR, EL DIA DE REUNIR EN ABUNDANCIA.', 'Est├í relacionado con la palabra kÔÇÖatik que significa arder. S├¡mbolo del fuego y de la red. En el ritual se hace menci├│n del d├¡a como tiempo para el enredo y el desenredo. Es el que enreda y desenreda la vida. Es la red donde se guarda la mazorca. La red con la que se pesca. La red donde mueren los peces. Significa cautiverio y ausencia de libertad. Signo de opresi├│n que se ejerce sobre una comunidad. Es el trastecito o el bracero que le entregan a uno cuando recibe el Pisom QÔÇÖaqÔÇÖal o la Vara Sagrada. Para los nacidos en KÔÇÖat, en la espiritualidad maya, se les recomienda visitar al AjqÔÇÖij cada veinte d├¡as para efectuar su ceremonia. De lo contrario, pueden tener muchos enredos en el camino, en el trabajo y en la vida.', 'Red', 'K\'an');
INSERT INTO `nahual` VALUES(15, 'Kan', '0001-01-01', '0001-01-01', 15, 'SERPIENTE Y QUETZAL, EL D├ìA DE NUESTRA GALAXIA, LA VITALIDAD Y DEL FUEGO INTERNO.', 'Significa movimiento, Es el s├¡mbolo de la Gran Energ├¡a que cre├│ el Universo. Es la Serpiente Emplumada o QÔÇÖuqÔÇÖumatz. Es la evaluaci├│n humana y el desarrollo espiritual. Es la Sabidur├¡a y el ciclo del tiempo. Es guardi├ín del bosque. Es el d├¡a de la transformaci├│n. significa justicia y equilibrio. Es un d├¡a muy fuerte y ÔÇ£enojadoÔÇØ. Es un d├¡a que puede traer malas influencias como el enojo y la ri├▒a. Sin embargo, es un s├¡mbolo de la verdad y es r├ípido e implacable cuando la justicia se├▒ala a alguien el lugar de los perdedores. La energ├¡a del d├¡a se presta para la soluci├│n de problemas.', 'Movimiento', 'Chikchan');
INSERT INTO `nahual` VALUES(16, 'Kame', '0001-01-01', '0001-01-01', 16, 'NACER Y MORIR, EL D├ìA DE LOS CICLOS DE LA VIDA Y LA GENETICA.', 'Es el s├¡mbolo de la muerte. S├¡mbolo de la disoluci├│n final de todas las cosas, buenas y malas. Significa tecolote y muerte. Es el renacimiento. Significado que se expresa a trav├®s de los sagrados granos de TzÔÇÖiteÔÇÖ o Palo de Pito. Es d├¡a propicio para pedir por la salud de los enfermos y para hacer ofrendas porque progrese el negocio. Es la energ├¡a de las personas que mueren de manera natural. Puede restar fuerza a una persona o fortalecerla. Pronostica lo bueno y lo malo. Es la comunicaci├│n con las abuelas y abuelos a trav├®s de las candelas de cebo que se ofrecen en las ceremonias. Prudencia y protecci├│n para evitar accidentes. Es el Juez Supremo de todas las cosas. Nawal de la enfermedad y de la muerte.', 'Tecolote', 'Kimi');
INSERT INTO `nahual` VALUES(17, 'Kej', '0001-01-01', '0001-01-01', 17, 'VENADO, EL D├ìA DE LOS 4 PUNTOS CARDINALES, EL D├ìA DEL BALANCE.', 'El nawal del Kej es muy masculino y si una mujer nace en este d├¡a, tiene el car├ícter y voz fuertes y es de alguna manera varonil. Simboliza venado, los cuatro sostenes, los cuatro pilares, es decir los cuatro puntos cardinales. Es el d├¡a fuerte y bueno. Es un d├¡a que aplasta. Es un d├¡a que demuestra su fuerza y su poder. Los que nacen en este d├¡a: son de caracter fuerte y poseen fortaleza f├¡sica. Son buenos defensores de otras personas, pero no pueden defenderse a s├¡ mismos. pueden ser ricos y poseer muchos bienes. generalmente gozan de buena salud pues no se enferman con facilidad. Son los cuatro puntos cardinales que sostienen el mundo; sostiene la vida del hombre. Los que nacen en este d├¡a son caminantes y tienen suerte en el negocio. Es el d├¡a en que se pide fuerza, fortalecimiento, endurecimiento, para que uno sea duro, aguantador en caso de enfermedades, golpes, cr├¡ticas, que uno aguante lo duro de la vida. Los que nacen en Kej podr├¡an ser buenos gu├¡as espirituales mayas.', 'Venado', 'Manik\'');
INSERT INTO `nahual` VALUES(18, 'Q\'anil', '0001-01-01', '0001-01-01', 18, 'SEMILLA, EL D├ìA DE LA SEMILLA DE LA VIDA Y LOS FRUTOS.', 'Este es un d├¡a propicio para las rogativas que se hacen con relaci├│n al ma├¡z y para darle gracias a la divinidad de la tierra, por la cosecha de ma├¡z. Es el nawal de las cosechas. El que nace en este d├¡a es buen agricultor. Hay que buscar este tanto para la siembra como para la cosecha del ma├¡z. Simboliza los cuatro colores del ma├¡z existentes en Meso Am├®rica: rojo, negro, blanco y amarillo. Los cuatro colores de la piel de la humanidad. Los cuatro puntos cardinales del universo. En este d├¡a se pide buena cosecha. Es el d├¡a del agricultor.Significa pago, ofrenda y agradecimiento. Se ponen presentes para el pago de alguna culpa o para enmendar alg├║n error. Es el d├¡a especial de las ofrendas. Se agradece el sol, el agua, el aire, el alimento y todo lo que nos rodea y lo que hemos recibido de la Madre Tierra. Los que nacen en Toj, algunas veces, son los que pagan la deuda de la familia, por eso es que pueden sufrir problemas de salud.', 'Semilla', 'Lamat');
INSERT INTO `nahual` VALUES(19, 'Toj', '0001-01-01', '0001-01-01', 19, 'PAGO, EL D├ìA DE LOS PAGAMIENTOS Y LA LIBERACI├ôN DEL PASADO.', 'Significa pago, ofrenda y agradecimiento. Se ponen presentes para el pago de alguna culpa o para enmendar alg├║n error. Es el d├¡a especial de las ofrendas. Se agradece el sol, el agua, el aire, el alimento y todo lo que nos rodea y lo que hemos recibido de la Madre Tierra. Los que nacen en Toj, algunas veces, son los que pagan la deuda de la familia, por eso es que pueden sufrir problemas de salud.', 'Ofrenda', 'Muluk');
INSERT INTO `nahual` VALUES(20, 'Tz\'i\'', '0001-01-01', '0001-01-01', 20, 'PERRO, EL D├ìA DE LA JUSTICIA, EL D├ìA DEL EQUILIBRIO DE LA LEY MATERIAL Y ESPIRITUAL.', 'El antiguo significado de TzÔÇÖiÔÇÖ es tepescuintle. En idioma kÔÇÖicheÔÇÖ es Lalo. Guardi├ín de la milpa de la abuela Ixmukane de donde IxkÔÇÖikÔÇÖ trajo la red llena de mazorcas, y que le ayud├│ a cumplir con su tarea de una manera m├ígica. En el Popol Wuj significa Jun Ajpu WuchÔÇÖ, cazador tacuac├¡n y Jun Ajpu Utiw, cazador coyote. Tambi├®n es guardi├ín de los cerros, las monta├▒as, las veredas y los barrancos. Es la fidelidad, la autoridad y la ley. Por tanto, es el guardi├ín de la ley natural y espiritual. Hace los papeles de secretario. Puede influir en excesivas conductas sexuales. Por eso, algunos Gu├¡as Espirituales le atribuyen como s├¡mbolo del pecado, especialmente de impureza sexual. El que nace en este d├¡a puede resultar muy sexual, sea hombre o mujer. La intensidad de esta conducta depender├í del numeral que acompa├▒a al TzÔÇÖiÔÇÖ como d├¡a de nacimiento.', 'Tepezcuintle', 'Ok');

-- --------------------------------------------------------

--
-- Estructura de tabla para la tabla `rol`
--

CREATE TABLE `rol` (
  `id` int(11) NOT NULL,
  `tipo` varchar(20) NOT NULL
) ENGINE=InnoDB DEFAULT CHARSET=utf8;

--
-- Volcado de datos para la tabla `rol`
--

INSERT INTO `rol` VALUES(1, 'ADMIN');
INSERT INTO `rol` VALUES(2, 'GUEST');

-- --------------------------------------------------------

--
-- Estructura de tabla para la tabla `rutaimagen`
--

CREATE TABLE `rutaimagen` (
  `id` int(11) NOT NULL,
  `categoria` varchar(30) DEFAULT NULL,
  `dirWeb` varchar(230) DEFAULT NULL,
  `dirEscritorio` varchar(230) DEFAULT NULL
) ENGINE=InnoDB DEFAULT CHARSET=utf8mb4;

--
-- Volcado de datos para la tabla `rutaimagen`
--

INSERT INTO `rutaimagen` VALUES(1, 'Nahual', './gui/nahuales/1 batz.jpg', './src/gui/nahuales/1 batz.jpg');
INSERT INTO `rutaimagen` VALUES(2, 'Nahual', './gui/nahuales/2 e.jpg', './src/gui/nahuales/2 e.jpg');
INSERT INTO `rutaimagen` VALUES(3, 'Nahual', './gui/nahuales/3 aj.jpg', './src/gui/nahuales/3 aj.jpg');
INSERT INTO `rutaimagen` VALUES(4, 'Nahual', './gui/nahuales/4 ix.jpg', './src/gui/nahuales/4 ix.jpg');
INSERT INTO `rutaimagen` VALUES(5, 'Nahual', './gui/nahuales/5 tzikin.jpg', './src/gui/nahuales/5 tzikin.jpg');
INSERT INTO `rutaimagen` VALUES(6, 'Nahual', './gui/nahuales/6 ajmaq.jpg', './src/gui/nahuales/6 ajmaq.jpg');
INSERT INTO `rutaimagen` VALUES(7, 'Nahual', './gui/nahuales/7 noj.jpg', './src/gui/nahuales/7 noj.jpg');
INSERT INTO `rutaimagen` VALUES(8, 'Nahual', './gui/nahuales/8 tijax.jpg', './src/gui/nahuales/8 tijax.jpg');
INSERT INTO `rutaimagen` VALUES(9, 'Nahual', './gui/nahuales/9 kawoq.jpg', './src/gui/nahuales/9 kawoq.jpg');
INSERT INTO `rutaimagen` VALUES(10, 'Nahual', './gui/nahuales/10 ajpu.jpg', './src/gui/nahuales/10 ajpu.jpg');
INSERT INTO `rutaimagen` VALUES(11, 'Nahual', './gui/nahuales/11 imox.jpg', './src/gui/nahuales/11 imox.jpg');
INSERT INTO `rutaimagen` VALUES(12, 'Nahual', './gui/nahuales/12 iq.jpg', './src/gui/nahuales/12 iq.jpg');
INSERT INTO `rutaimagen` VALUES(13, 'Nahual', './gui/nahuales/13 aqabal.jpg', './src/gui/nahuales/13 aqabal.jpg');
INSERT INTO `rutaimagen` VALUES(14, 'Nahual', './gui/nahuales/14 kat.jpg', './src/gui/nahuales/14 kat.jpg');
INSERT INTO `rutaimagen` VALUES(15, 'Nahual', './gui/nahuales/15 kan.jpg', './src/gui/nahuales/15 kan.jpg');
INSERT INTO `rutaimagen` VALUES(16, 'Nahual', './gui/nahuales/16 kame.jpg', './src/gui/nahuales/16 kame.jpg');
INSERT INTO `rutaimagen` VALUES(17, 'Nahual', './gui/nahuales/17 kej.jpg', './src/gui/nahuales/17 kej.jpg');
INSERT INTO `rutaimagen` VALUES(18, 'Nahual', './gui/nahuales/18 qanil.jpg', './src/gui/nahuales/18 qanil.jpg');
INSERT INTO `rutaimagen` VALUES(19, 'Nahual', './gui/nahuales/19 toj.jpg', './src/gui/nahuales/19 toj.jpg');
INSERT INTO `rutaimagen` VALUES(20, 'Nahual', './gui/nahuales/20 tzi.jpg', './src/gui/nahuales/20 tzi.jpg');
INSERT INTO `rutaimagen` VALUES(21, 'Winal', './gui/winales/1 pop.png', './src/gui/winales/1 pop.png');
INSERT INTO `rutaimagen` VALUES(22, 'Winal', './gui/winales/2 woo.png', './src/gui/winales/2 woo.png');
INSERT INTO `rutaimagen` VALUES(23, 'Winal', './gui/winales/3 zip.png', './src/gui/winales/3 zip.png');
INSERT INTO `rutaimagen` VALUES(24, 'Winal', './gui/winales/4 sots.png', './src/gui/winales/4 sots.png');
INSERT INTO `rutaimagen` VALUES(25, 'Winal', './gui/winales/5 tsek.png', './src/gui/winales/5 tsek.png');
INSERT INTO `rutaimagen` VALUES(26, 'Winal', './gui/winales/6 xul.png', './src/gui/winales/6 xul.png');
INSERT INTO `rutaimagen` VALUES(27, 'Winal', './gui/winales/7 yaxkin.png', './src/gui/winales/7 yaxkin.png');
INSERT INTO `rutaimagen` VALUES(28, 'Winal', './gui/winales/8 mol.png', './src/gui/winales/8 mol.png');
INSERT INTO `rutaimagen` VALUES(29, 'Winal', './gui/winales/9 chen.png', './src/gui/winales/9 chen.png');
INSERT INTO `rutaimagen` VALUES(30, 'Winal', './gui/winales/10 yax.png', './src/gui/winales/10 yax.png');
INSERT INTO `rutaimagen` VALUES(31, 'Winal', './gui/winales/11 sak.png', './src/gui/winales/11 sak.png');
INSERT INTO `rutaimagen` VALUES(32, 'Winal', './gui/winales/12 keh.png', './src/gui/winales/12 keh.png');
INSERT INTO `rutaimagen` VALUES(33, 'Winal', './gui/winales/13 mak.png', './src/gui/winales/13 mak.png');
INSERT INTO `rutaimagen` VALUES(34, 'Winal', './gui/winales/14 kankin.png', './src/gui/winales/14 kankin.png');
INSERT INTO `rutaimagen` VALUES(35, 'Winal', './gui/winales/15 muan.png', './src/gui/winales/15 muan.png');
INSERT INTO `rutaimagen` VALUES(36, 'Winal', './gui/winales/16 pak.png', './src/gui/winales/16 pak.png');
INSERT INTO `rutaimagen` VALUES(37, 'Winal', './gui/winales/17 kayab.png', './src/gui/winales/17 kayab.png');
INSERT INTO `rutaimagen` VALUES(38, 'Winal', './gui/winales/18 kumku.png', './src/gui/winales/18 kumku.png');
INSERT INTO `rutaimagen` VALUES(39, 'Winal', './gui/winales/19 uayeb.png', './src/gui/winales/19 uayeb.png');

-- --------------------------------------------------------

--
-- Estructura de tabla para la tabla `significado`
--

CREATE TABLE `significado` (
  `id` int(11) NOT NULL,
  `significado` varchar(200) NOT NULL,
  `idNahual` int(11) NOT NULL
) ENGINE=InnoDB DEFAULT CHARSET=utf8mb4;

--
-- Volcado de datos para la tabla `significado`
--

INSERT INTO `significado` VALUES(1, 'Enlace matrimonial', 1);
INSERT INTO `significado` VALUES(2, 'Mono, hilo, amarrador', 1);
INSERT INTO `significado` VALUES(3, 'El tiempo. desarrollo de la evoluci├│n humana, d├índonos la vida', 1);
INSERT INTO `significado` VALUES(4, 'Nawal de medidor del tiempo y de toda clase de tejidos', 1);
INSERT INTO `significado` VALUES(5, 'Es un buen d├¡a para recibir el destino como sacerdote Maya', 1);
INSERT INTO `significado` VALUES(6, 'Orador, escultor, tallador y artista, m├║sica, flauta, deporte y siembra.', 1);
INSERT INTO `significado` VALUES(7, 'Protecci├│n ante las tentaciones', 2);
INSERT INTO `significado` VALUES(8, 'Protecci├│n ante los peligros del camino', 2);
INSERT INTO `significado` VALUES(9, 'D├¡a para iniciar un proyecto', 2);
INSERT INTO `significado` VALUES(10, 'D├¡a de protecci├│n de los pilotos', 2);
INSERT INTO `significado` VALUES(11, 'D├¡a para encauzar mejor el destino', 2);
INSERT INTO `significado` VALUES(12, 'El hogar y la familia de todas las generaciones tiernas; 8 Aj se celebra el d├¡a del ni├▒o.', 3);
INSERT INTO `significado` VALUES(13, 'El bast├│n del poder de las virtudes divinas, sensatez, la palabra sagrada.', 3);
INSERT INTO `significado` VALUES(14, 'Ca├▒a, s├¡mbolo que dej├│ Jun Ajpu Ixbalanke de su vida, cuando sembr├│ la ca├▒a en el patio, due├▒o del Hogar, y ternura.', 3);
INSERT INTO `significado` VALUES(15, 'Nawal de las artes.', 3);
INSERT INTO `significado` VALUES(16, 'Propicia energ├¡a espiritual y f├¡sica.', 4);
INSERT INTO `significado` VALUES(17, 'Invocaci├│n por la lluvia.', 4);
INSERT INTO `significado` VALUES(18, 'Invocaci├│n por la vida de los animales.', 4);
INSERT INTO `significado` VALUES(19, 'D├¡a de invocaci├│n por la salud de toda la humanidad.', 4);
INSERT INTO `significado` VALUES(20, 'D├¡a para realizar invocaciones para que las siembras est├®n protegidas de los animales.', 4);
INSERT INTO `significado` VALUES(21, 'Agradecimiento por los bienes materiales, principalmente lo del dinero.', 5);
INSERT INTO `significado` VALUES(22, 'Propicia buena suerte en el negocio.', 5);
INSERT INTO `significado` VALUES(23, 'D├¡a de invocaci├│n porque las aves no molesten los sembrad├¡os.', 5);
INSERT INTO `significado` VALUES(24, 'D├¡a para la protecci├│n del negocio.', 5);
INSERT INTO `significado` VALUES(25, 'D├¡a para realizar invocaciones para que las siembras est├®n protegidas de los animales.', 5);
INSERT INTO `significado` VALUES(26, 'Purificar el esp├¡ritu de los muertos y vivos.', 6);
INSERT INTO `significado` VALUES(27, 'D├¡a para conmemorar los difuntos.', 6);
INSERT INTO `significado` VALUES(28, 'Perd├│n para nuestros pecados.', 6);
INSERT INTO `significado` VALUES(29, 'Agradecer el conocimiento y las ideas.', 7);
INSERT INTO `significado` VALUES(30, 'Agradecer la inteligencia.', 7);
INSERT INTO `significado` VALUES(31, 'D├¡a para acrecentar la memoria.', 7);
INSERT INTO `significado` VALUES(32, 'Agradecer la inteligencia.', 7);
INSERT INTO `significado` VALUES(33, 'D├¡a para pedir buenos consejos.', 7);
INSERT INTO `significado` VALUES(34, 'Es protector de la justicia.', 8);
INSERT INTO `significado` VALUES(35, 'Es fuerte y servicial.', 8);
INSERT INTO `significado` VALUES(36, 'Es incansable por lo que quiere lograr.', 8);
INSERT INTO `significado` VALUES(37, 'Puede llegar a ser Gu├¡a Espiritual.', 8);
INSERT INTO `significado` VALUES(38, 'Posee habilidad para arreglar fracturas en los huesos.', 8);
INSERT INTO `significado` VALUES(39, 'Se puede defender muy bien ante cualquier problema.', 8);
INSERT INTO `significado` VALUES(40, 'D├¡a del terapeuta (el que arregla huesos) y de la comadrona.', 9);
INSERT INTO `significado` VALUES(41, 'Uno de los d├¡as para tratar enfermedades.', 9);
INSERT INTO `significado` VALUES(42, 'D├¡a para invocar por la familia (hogar) y la comunidad.', 9);
INSERT INTO `significado` VALUES(43, 'Uno de los d├¡as especiales para pedir lluvia.', 9);
INSERT INTO `significado` VALUES(44, 'D├¡a para invocar para que los ni├▒os y ni├▒as al nacer no vengan con defectos f├¡sicos.', 9);
INSERT INTO `significado` VALUES(45, 'D├¡a para ofrendar a los abuelos y abuelas fallecidas.', 10);
INSERT INTO `significado` VALUES(46, 'D├¡a propicio para tratar enfermedades.', 10);
INSERT INTO `significado` VALUES(47, 'Se pide la vida y la fuerza.', 10);
INSERT INTO `significado` VALUES(48, 'D├¡a para pedir el triunfo del bien sobre el mal.', 10);
INSERT INTO `significado` VALUES(49, 'Tratamiento de las perturbaciones mentales.', 11);
INSERT INTO `significado` VALUES(50, 'D├¡a especial para invocar por el agua.', 11);
INSERT INTO `significado` VALUES(51, 'Invocaciones para mantener el equilibrio mental, espiritual, f├¡sico y emocional.', 11);
INSERT INTO `significado` VALUES(52, 'Es d├¡a propicio para efectuar ceremonias al esp├¡ritu del aire o viento.', 12);
INSERT INTO `significado` VALUES(53, 'D├¡a para tratar enfermedades respiratorias, psicol├│gicas y emocionales.', 12);
INSERT INTO `significado` VALUES(54, 'D├¡a de invocaci├│n para que el aire no destruya las siembras.', 12);
INSERT INTO `significado` VALUES(55, 'Aclara los conocimientos.', 13);
INSERT INTO `significado` VALUES(56, 'Aclara el camino de la vida.', 13);
INSERT INTO `significado` VALUES(57, 'Conduce a nuevas oportunidades de la vida.', 13);
INSERT INTO `significado` VALUES(58, 'Ilumina las cosas ocultas.', 13);
INSERT INTO `significado` VALUES(59, 'D├¡a para agradecer la creaci├│n del ser humano.', 13);
INSERT INTO `significado` VALUES(60, 'Se puede pedir por la liberaci├│n de alg├║n preso.', 14);
INSERT INTO `significado` VALUES(61, 'Pedir porque el parto sea normal.', 14);
INSERT INTO `significado` VALUES(62, 'D├¡a del desenvolvimiento e investigaci├│n de la ciencia.', 14);
INSERT INTO `significado` VALUES(63, 'D├¡a para arreglar problemas emocionales y de amor.', 14);
INSERT INTO `significado` VALUES(64, 'Invocaciones por la igualdad y justicia.', 15);
INSERT INTO `significado` VALUES(65, 'D├¡a para desarrollar la fuerza f├¡sica.', 15);
INSERT INTO `significado` VALUES(66, 'D├¡a para desarrollar el fuego interior y la evoluci├│n espiritual.', 15);
INSERT INTO `significado` VALUES(67, 'Uno de los d├¡as para realizar invocaciones por la lluvia.', 15);
INSERT INTO `significado` VALUES(68, 'D├¡a para alejar el enojo, la timidez y el mal car├ícter.', 15);
INSERT INTO `significado` VALUES(69, 'Es un d├¡a bueno para el negocio.', 16);
INSERT INTO `significado` VALUES(70, 'D├¡a especial para comunicarse con los ancestros.', 16);
INSERT INTO `significado` VALUES(71, 'Fortalecimiento de la vida.', 16);
INSERT INTO `significado` VALUES(72, 'D├¡a para pedir protecci├│n en los viajes.', 16);
INSERT INTO `significado` VALUES(73, 'D├¡a para contrarrestar enfermedades.', 16);
INSERT INTO `significado` VALUES(74, 'La cruz maya.', 17);
INSERT INTO `significado` VALUES(75, 'Los cuatro puntos cardinales.', 17);
INSERT INTO `significado` VALUES(76, 'Los cuatro sostenes de la tierra.', 17);
INSERT INTO `significado` VALUES(77, 'Nawal de los defensores.', 17);
INSERT INTO `significado` VALUES(78, 'Los cuatro colores de las energ├¡as.', 17);
INSERT INTO `significado` VALUES(79, 'Caballo, fuerza, aguantador.', 17);
INSERT INTO `significado` VALUES(80, 'Nawal de la semilla.', 18);
INSERT INTO `significado` VALUES(81, 'germinaci├│n de todos los seres vivientes.', 18);
INSERT INTO `significado` VALUES(82, 'D├¡a de la construcci├│n de los primeros abuelos del ma├¡z.', 18);
INSERT INTO `significado` VALUES(83, 'De grandes virtudes.', 19);
INSERT INTO `significado` VALUES(84, 'Es creativo, comunicativo y din├ímico.', 19);
INSERT INTO `significado` VALUES(85, 'Practica la sinceridad.', 19);
INSERT INTO `significado` VALUES(86, 'Es analista, imaginativo e intuitivo.', 19);
INSERT INTO `significado` VALUES(87, 'De car├ícter abierta.', 19);
INSERT INTO `significado` VALUES(88, 'Es rom├íntico.', 19);
INSERT INTO `significado` VALUES(89, 'Invocar por el orden y la exactitud.', 20);
INSERT INTO `significado` VALUES(90, 'Puede interpretar lo conocido y lo desconocido.', 20);
INSERT INTO `significado` VALUES(91, 'Se invoca el d├¡a para que gu├¡e y cuide el camino.', 20);
INSERT INTO `significado` VALUES(92, 'D├¡a para contrarrestar calumnias y ofensas.', 20);
INSERT INTO `significado` VALUES(93, 'D├¡a de protecci├│n ante la ley.', 20);

-- --------------------------------------------------------

--
-- Estructura de tabla para la tabla `usuario`
--

CREATE TABLE `usuario` (
  `username` varchar(40) NOT NULL,
  `password` varchar(100) NOT NULL,
  `email` varchar(100) NOT NULL,
  `nombre` varchar(50) NOT NULL,
  `apellido` varchar(50) NOT NULL,
  `nacimiento` date DEFAULT NULL,
  `telefono` varchar(15) DEFAULT NULL,
  `rol` int(11) NOT NULL
) ENGINE=InnoDB DEFAULT CHARSET=utf8;

--
-- Volcado de datos para la tabla `usuario`
--

INSERT INTO `usuario` VALUES('admin', 'admin', 'admin@gmail.com', 'admin', 'admin', '0001-01-01', '0', 1);
INSERT INTO `usuario` VALUES('Carlota11', '123', 'car@gmail.com', 'Carlota', 'Perez', '2021-02-10', '55968545', 2);
INSERT INTO `usuario` VALUES('guest', 'guest', 'guest@gmail.com', 'guest', 'guest', '0001-01-01', '1', 2);

-- --------------------------------------------------------

--
-- Estructura de tabla para la tabla `winal`
--

CREATE TABLE `winal` (
  `id` int(11) NOT NULL,
  `nombre` varchar(10) NOT NULL,
  `descripcion` varchar(45) NOT NULL,
  `dias` int(11) DEFAULT NULL,
  `idImagen` int(11) DEFAULT NULL
) ENGINE=InnoDB DEFAULT CHARSET=utf8;

--
-- Volcado de datos para la tabla `winal`
--

INSERT INTO `winal` VALUES(1, 'POP', 'SIN DESCRIPCION', 20, 21);
INSERT INTO `winal` VALUES(2, 'WOO\'', 'SIN DESCRIPCION', 20, 22);
INSERT INTO `winal` VALUES(3, 'ZIP', 'SIN DESCRIPCION', 20, 23);
INSERT INTO `winal` VALUES(4, 'ZOTZ\'', 'SIN DESCIPCION', 20, 24);
INSERT INTO `winal` VALUES(5, 'TZEK', 'SIN DESCIPCION', 20, 25);
INSERT INTO `winal` VALUES(6, 'XUL', 'SIN DESCRIPCION', 20, 26);
INSERT INTO `winal` VALUES(7, 'YAXK\'IN', 'SIN DESCRIPCION', 20, 27);
INSERT INTO `winal` VALUES(8, 'MOL', 'SIN DESCRIPCION', 20, 28);
INSERT INTO `winal` VALUES(9, 'CHEN', 'SIN DESCRIPCION', 20, 29);
INSERT INTO `winal` VALUES(10, 'YAX', 'SIN DESCRIPCION', 20, 30);
INSERT INTO `winal` VALUES(11, 'ZAC', 'SIN DESCRIPCION', 20, 31);
INSERT INTO `winal` VALUES(12, 'CEJ', 'SIN DESCRIPCION', 20, 32);
INSERT INTO `winal` VALUES(13, 'MAK', 'SIN DESCRICPION', 20, 33);
INSERT INTO `winal` VALUES(14, 'KANKIJ', 'SIN DESCRIPCION', 20, 34);
INSERT INTO `winal` VALUES(15, 'MUWAN', 'SIN DESCRIPCION', 20, 35);
INSERT INTO `winal` VALUES(16, 'PAX', 'SIN DESCRIPCION', 20, 36);
INSERT INTO `winal` VALUES(17, 'K\'AYAB\'', 'SIN DESCRIPCION', 20, 37);
INSERT INTO `winal` VALUES(18, 'KUMKU', 'SIN DESCRIPCION', 20, 38);
INSERT INTO `winal` VALUES(19, 'UAYEB\'', 'SIN DESCRIPCION', 5, 39);

--
-- Índices para tablas volcadas
--

--
-- Indices de la tabla `calendariocholqij`
--
ALTER TABLE `calendariocholqij`
  ADD PRIMARY KEY (`id`),
  ADD KEY `FK_Id_Nagual` (`nahual`),
  ADD KEY `FK_Id_Energia` (`energia`);

--
-- Indices de la tabla `calendariohaab`
--
ALTER TABLE `calendariohaab`
  ADD PRIMARY KEY (`id`),
  ADD KEY `FK_Id_Nahual` (`nahual`),
  ADD KEY `FK_Id_Winal` (`winal`);

--
-- Indices de la tabla `cargador`
--
ALTER TABLE `cargador`
  ADD PRIMARY KEY (`nombre`);

--
-- Indices de la tabla `categoria`
--
ALTER TABLE `categoria`
  ADD PRIMARY KEY (`id`);

--
-- Indices de la tabla `categorizar`
--
ALTER TABLE `categorizar`
  ADD KEY `FK_IDCATEGORIA_CATEGORIZAR_CATEGORIA` (`idCategoria`),
  ADD KEY `FK_IDHECHO_CATEGORIZAR_HECHOHISTORICO` (`idHechoHistorico`);

--
-- Indices de la tabla `debilidad`
--
ALTER TABLE `debilidad`
  ADD PRIMARY KEY (`id`),
  ADD KEY `FK_IDNAHUAL_DEBILIDAD_ID_NAHUAL` (`idNahual`);

--
-- Indices de la tabla `edicion`
--
ALTER TABLE `edicion`
  ADD PRIMARY KEY (`id`),
  ADD KEY `FK_ID_TEMA` (`idHechoHistorico`),
  ADD KEY `FK_ID_USER_R` (`username`);

--
-- Indices de la tabla `energia`
--
ALTER TABLE `energia`
  ADD PRIMARY KEY (`id`),
  ADD KEY `FK_IDIMAGEN_ENERGIA_ID_IMAGEN` (`idImagen`);

--
-- Indices de la tabla `fortaleza`
--
ALTER TABLE `fortaleza`
  ADD PRIMARY KEY (`id`),
  ADD KEY `FK_IDNAHUAL_FORTALEZA_ID_NAHUAL` (`idNahual`);

--
-- Indices de la tabla `hechohistorico`
--
ALTER TABLE `hechohistorico`
  ADD PRIMARY KEY (`id`);

--
-- Indices de la tabla `informacion`
--
ALTER TABLE `informacion`
  ADD PRIMARY KEY (`id`);

--
-- Indices de la tabla `nahual`
--
ALTER TABLE `nahual`
  ADD PRIMARY KEY (`id`),
  ADD KEY `FK_IDIMAGEN_NAHUAL_ID_IMAGEN` (`idImagen`);

--
-- Indices de la tabla `rol`
--
ALTER TABLE `rol`
  ADD PRIMARY KEY (`id`);

--
-- Indices de la tabla `rutaimagen`
--
ALTER TABLE `rutaimagen`
  ADD PRIMARY KEY (`id`);

--
-- Indices de la tabla `significado`
--
ALTER TABLE `significado`
  ADD PRIMARY KEY (`id`),
  ADD KEY `FK_IDNAHUAL_CARACTERISTICA_ID_NAHUAL` (`idNahual`);

--
-- Indices de la tabla `usuario`
--
ALTER TABLE `usuario`
  ADD PRIMARY KEY (`username`),
  ADD KEY `FK_ROL_ROLES` (`rol`);

--
-- Indices de la tabla `winal`
--
ALTER TABLE `winal`
  ADD PRIMARY KEY (`id`),
  ADD KEY `FK_IDIMAGEN_WINAL_ID_IMAGEN` (`idImagen`);

--
-- AUTO_INCREMENT de las tablas volcadas
--

--
-- AUTO_INCREMENT de la tabla `calendariocholqij`
--
ALTER TABLE `calendariocholqij`
  MODIFY `id` int(11) NOT NULL AUTO_INCREMENT, AUTO_INCREMENT=261;
--
-- AUTO_INCREMENT de la tabla `calendariohaab`
--
ALTER TABLE `calendariohaab`
  MODIFY `id` int(11) NOT NULL AUTO_INCREMENT, AUTO_INCREMENT=366;
--
-- AUTO_INCREMENT de la tabla `categoria`
--
ALTER TABLE `categoria`
  MODIFY `id` int(11) NOT NULL AUTO_INCREMENT, AUTO_INCREMENT=2;
--
-- AUTO_INCREMENT de la tabla `debilidad`
--
ALTER TABLE `debilidad`
  MODIFY `id` int(11) NOT NULL AUTO_INCREMENT, AUTO_INCREMENT=132;
--
-- AUTO_INCREMENT de la tabla `edicion`
--
ALTER TABLE `edicion`
  MODIFY `id` int(11) NOT NULL AUTO_INCREMENT, AUTO_INCREMENT=13;
--
-- AUTO_INCREMENT de la tabla `energia`
--
ALTER TABLE `energia`
  MODIFY `id` int(11) NOT NULL AUTO_INCREMENT, AUTO_INCREMENT=14;
--
-- AUTO_INCREMENT de la tabla `fortaleza`
--
ALTER TABLE `fortaleza`
  MODIFY `id` int(11) NOT NULL AUTO_INCREMENT, AUTO_INCREMENT=199;
--
-- AUTO_INCREMENT de la tabla `hechohistorico`
--
ALTER TABLE `hechohistorico`
  MODIFY `id` int(11) NOT NULL AUTO_INCREMENT, AUTO_INCREMENT=19;
--
-- AUTO_INCREMENT de la tabla `informacion`
--
ALTER TABLE `informacion`
  MODIFY `id` int(11) NOT NULL AUTO_INCREMENT, AUTO_INCREMENT=4;
--
-- AUTO_INCREMENT de la tabla `nahual`
--
ALTER TABLE `nahual`
  MODIFY `id` int(11) NOT NULL AUTO_INCREMENT, AUTO_INCREMENT=21;
--
-- AUTO_INCREMENT de la tabla `rol`
--
ALTER TABLE `rol`
  MODIFY `id` int(11) NOT NULL AUTO_INCREMENT, AUTO_INCREMENT=3;
--
-- AUTO_INCREMENT de la tabla `rutaimagen`
--
ALTER TABLE `rutaimagen`
  MODIFY `id` int(11) NOT NULL AUTO_INCREMENT, AUTO_INCREMENT=40;
--
-- AUTO_INCREMENT de la tabla `significado`
--
ALTER TABLE `significado`
  MODIFY `id` int(11) NOT NULL AUTO_INCREMENT, AUTO_INCREMENT=94;
--
-- AUTO_INCREMENT de la tabla `winal`
--
ALTER TABLE `winal`
  MODIFY `id` int(11) NOT NULL AUTO_INCREMENT, AUTO_INCREMENT=20;
/*!40101 SET CHARACTER_SET_CLIENT=@OLD_CHARACTER_SET_CLIENT */;
/*!40101 SET CHARACTER_SET_RESULTS=@OLD_CHARACTER_SET_RESULTS */;
/*!40101 SET COLLATION_CONNECTION=@OLD_COLLATION_CONNECTION */;
